{
    "vbcs.dt.version": "20231205-24.04.2",
    "dependencies": {
        "upgrade": "micro",
        "paths": {
            "jet": "https://static.oracle.com/cdn/jet/15.1.5",
            "telemetry": "https://static.oracle.com/cdn/trace/8.0.0",
            "visualRuntime": "https://static.oracle.com/cdn/vb/2404.5.0",
            "oracleImageGallery": "https://static.oracle.com/cdn/fnd/gallery/2404.0.1"
        }
    },
    "source.version": "2404",
    "migration": {
        "2404": [
            "RemoveCSPMetatagMigrator",
            "MetadataRulesMigrator"
        ]
    },
    "rootURL": "opensearchvisualbuilder",
    "version": "0.1"
}