{
    "compartmentId": "ocid1.compartment.oc1..aaaaaaaasiok4ufzvd5u62syocm5tpc5hxg3gqtggvxbc66wsejxpfmej7tq",
    "servingMode": {
        "modelId": "cohere.command-r-16k",
        "servingType": "ON_DEMAND"
    },
    "chatRequest": {
        "maxTokens": 600,
        "temperature": 0.25,
        "preambleOverride": "",
        "frequencyPenalty": 0,
        "presencePenalty": 0,
        "topP": 0.75,
        "topK": 0,
        "isStream": true,
        "chatHistory": [],
        "message": "tell me a joke",
        "apiFormat": "COHERE"
    }
}