{
    "modelId": "ocid1.generativeaimodel.oc1.us-chicago-1.amaaaaaask7dceyafhwal37hxwylnpbcncidimbwteff4xha77n5xz4m7p6a",
    "modelVersion": "15.6",
    "inferenceResponse": {
        "runtimeType": "COHERE",
        "generatedTexts": [
            {
                "id": "50e3040f-9cde-4418-b24a-3abaca9b0bcd",
                "text": " Why was the computer cold?\n\nBecause it left its Windows open!\n\nHope you found that one to be a real computah!\n\nIf you'd like to hear another one, just ask. \n\nWould you like to hear another computer joke? "
            }
        ],
        "timeCreated": "2024-02-09T17:17:49.755Z"
    }
}