{
  "id": "simple",
  "description": "Flow main",
  "defaultPage": "input-search",
  "services": {},
  "types": {
    "@decorators.embedTextRequestType": {
      "endpoint": "get20231130ActionsEmbedText",
      "service": "EmbedText",
      "path": "request"
    },
    "@decorators.embedTextResponseType": {
      "endpoint": "get20231130ActionsEmbedText",
      "service": "EmbedText",
      "path": "response"
    },
    "@decorators.generateTextRequestType": {
      "endpoint": "generateText",
      "service": "GenerateText",
      "path": "request"
    },
    "@decorators.generateTextResponseType": {
      "endpoint": "generateText",
      "service": "GenerateText",
      "path": "response"
    },
    "@decorators.semanticSearchRequestType": {
      "endpoint": "semanticSearch",
      "service": "opensearch",
      "path": "request"
    },
    "@decorators.semanticSearchResponseType": {
      "endpoint": "semanticSearch",
      "service": "opensearch",
      "path": "response"
    },
    "embedTextRequestType": {
      "compartmentId": "string",
      "inputs": "string[]",
      "servingMode": {
        "modelId": "string",
        "servingType": "string"
      },
      "truncate": "string"
    },
    "embedTextResponseType": {
      "embeddings": "object[]",
      "id": "string",
      "modelId": "string",
      "modelVersion": "string"
    },
    "generateTextRequestType": {
      "compartmentId": "string",
      "frequencyPenalty": "number",
      "isStream": "boolean",
      "maxTokens": "number",
      "presencePenalty": "number",
      "prompts": "string[]",
      "returnLikelihoods": "string",
      "servingMode": {
        "modelId": "string",
        "servingType": "string"
      },
      "temperature": "number",
      "topK": "number",
      "topP": "number"
    },
    "generateTextResponseType": {
      "generatedTexts": [
        {
          "id": "string",
          "text": "string"
        }
      ],
      "id": "string",
      "modelId": "string",
      "modelVersion": "string",
      "timeCreated": "string"
    },
    "semanticSearchRequestType": {
      "query": {
        "knn": {
          "cohere_embed": {
            "k": "number",
            "vector": "number[]"
          }
        }
      },
      "size": "number"
    },
    "semanticSearchResponseType": {
      "_shards": {
        "failed": "number",
        "skipped": "number",
        "successful": "number",
        "total": "number"
      },
      "hits": {
        "hits": [
          {
            "_id": "string",
            "_index": "string",
            "_score": "number",
            "_source": {
              "applicationName": "string",
              "author": "string",
              "classification": "string",
              "cohere_embed": "number[]",
              "content": "string",
              "contentType": "string",
              "creationDate": "string",
              "date": "string",
              "modified": "string",
              "other1": "string",
              "other2": "string",
              "other3": "string",
              "parsedBy": "string",
              "path": "string",
              "publisher": "string",
              "region": "string"
            }
          }
        ],
        "max_score": "number",
        "total": {
          "relation": "string",
          "value": "number"
        }
      },
      "timed_out": "boolean",
      "took": "number"
    }

  },
  "variables": {}
}