{
    "took": 10,
    "timed_out": false,
    "_shards": {
        "total": 1,
        "successful": 1,
        "skipped": 0,
        "failed": 0
    },
    "hits": {
        "total": {
            "value": 3,
            "relation": "eq"
        },
        "max_score": 4.2916613,
        "hits": [
            {
                "_index": "oic",
                "_id": "jazz.pdf-314",
                "_score": -9549511700,
                "_source": {
                    "date": "2024-04-04T14:18:13Z",
                    "applicationName": "",
                    "modified": "2024-04-04T14:18:13Z",
                    "contentType": "application/pdf",
                    "parsedBy": "org.apache.tika.parser.DefaultParser",
                    "creationDate": "2024-04-04T14:18:13Z",
                    "author": "",
                    "publisher": "",
                    "content": " Jazz is characterized by swing and blue notes, complex chords, call and response vocals, polyrhythms and improvisation. Jazz has roots in European harmony and African rhythmic rituals.[5][6]   ",
                    "other1": "",
                    "other2": "",
                    "other3": "",
                    "filename": "jazz.pdf",
                    "page": "1",
                    "path": "/n/fr03kzmuvhtf/b/search-public-bucket/o/jazz.pdf",
                    "region": "us-chicago-1\t",
                    "cohere_embed": [
                        0.0418396,
                        0.014930725,
                        -0.04638672,
                        -0.06958008,
                        0.025680542,
                        -0.02709961,
                        0.0022735596,
                        -0.006565094,
                        -0.056518555,
                        0.03967285,
                        0.00592041,
                        0.017120361,
                        0.0073280334,
                        -0.027145386,
                        0.029296875,
                        -0.030731201,
                        0.024429321,
                        0.025665283,
                        0.019851685,
                        -0.01146698,
                        0.013946533,
                        -0.0038967133,
                        0.0129470825,
                        0.03781128,
                        0.06072998,
                        -0.03387451,
                        -0.028915405,
                        0.011505127,
                        0.049072266,
                        0.018310547,
                        0.027069092,
                        -0.043426514,
                        0.02911377,
                        0.022781372,
                        -0.009338379,
                        -0.015792847,
                        -0.010070801,
                        0.0149002075,
                        0.000041007996,
                        0.030136108,
                        0.013053894,
                        -0.008430481,
                        0.0048942566,
                        -0.013092041,
                        -0.015388489,
                        -0.04937744,
                        0.055999756,
                        -0.02458191,
                        0.020568848,
                        -0.04748535,
                        -0.010604858,
                        0.024291992,
                        0.0021018982,
                        -0.025787354,
                        0.0066566467,
                        0.03552246,
                        0.018997192,
                        -0.11224365,
                        0.000790596,
                        0.02658081,
                        0.0463562,
                        -0.018005371,
                        0.029708862,
                        0.0060043335,
                        0.0047721863,
                        -0.009666443,
                        0.015380859,
                        0.027618408,
                        -0.07684326,
                        -0.0069999695,
                        0.048858643,
                        -0.03741455,
                        0.0013027191,
                        -0.05480957,
                        0.010971069,
                        0.044708252,
                        -0.03591919,
                        0.00308609,
                        0.014297485,
                        -0.00030875206,
                        -0.021865845,
                        -0.0021400452,
                        0.04711914,
                        -0.061431885,
                        -0.007369995,
                        -0.048736572,
                        -0.020858765,
                        0.017684937,
                        -0.028427124,
                        -0.015151978,
                        -0.025253296,
                        0.038360596,
                        -0.03515625,
                        -0.009025574,
                        -0.024871826,
                        -0.011627197,
                        -0.013168335,
                        -0.05517578,
                        0.008834839,
                        -0.017211914,
                        0.040039062,
                        -0.036834717,
                        -0.011703491,
                        0.021591187,
                        -0.016967773,
                        0.018966675,
                        0.020431519,
                        -0.019210815,
                        -0.003873825,
                        0.012298584,
                        -0.024795532,
                        0.012672424,
                        0.0036201477,
                        0.029266357,
                        -0.03277588,
                        -0.039733887,
                        -0.050201416,
                        0.020736694,
                        -0.011413574,
                        0.020996094,
                        0.024765015,
                        0.02293396,
                        0.030151367,
                        -0.013420105,
                        0.014663696,
                        0.00655365,
                        -0.031829834,
                        -0.036224365,
                        0.0037498474,
                        0.013343811,
                        -0.019744873,
                        0.03933716,
                        -0.0119018555,
                        -0.05041504,
                        -0.045166016,
                        -0.014053345,
                        0.015853882,
                        -0.000095665455,
                        -0.010169983,
                        0.029296875,
                        -0.028152466,
                        -0.011489868,
                        0.038391113,
                        -0.027755737,
                        0.072387695,
                        -0.020385742,
                        0.008369446,
                        0.035217285,
                        0.044799805,
                        0.034057617,
                        0.053527832,
                        0.0066375732,
                        -0.040252686,
                        0.021911621,
                        0.010612488,
                        0.070739746,
                        -0.044708252,
                        0.05279541,
                        -0.022460938,
                        0.075683594,
                        -0.07366943,
                        -0.048736572,
                        -0.025177002,
                        0.028518677,
                        -0.008171082,
                        0.08074951,
                        0.11395264,
                        0.01638794,
                        0.021850586,
                        0.0016489029,
                        0.037384033,
                        -0.015396118,
                        0.04537964,
                        0.0082092285,
                        0.0053634644,
                        0.020355225,
                        -0.0025920868,
                        -0.048828125,
                        0.00096702576,
                        0.091674805,
                        0.037506104,
                        -0.021774292,
                        -0.05014038,
                        0.04248047,
                        -0.014419556,
                        -0.007888794,
                        0.030303955,
                        0.03967285,
                        -0.009506226,
                        0.024475098,
                        0.00737381,
                        0.00868988,
                        -0.022659302,
                        0.00034952164,
                        -0.032165527,
                        0.014793396,
                        -0.0030670166,
                        0.03387451,
                        -0.0154953,
                        -0.0077934265,
                        -0.019943237,
                        -0.0109939575,
                        -0.005607605,
                        0.0012693405,
                        -0.014640808,
                        -0.029449463,
                        -0.0050964355,
                        0.011543274,
                        0.0051651,
                        0.0017318726,
                        -0.013046265,
                        0.011146545,
                        0.03363037,
                        -0.117004395,
                        -0.031051636,
                        0.060058594,
                        -0.0039138794,
                        -0.050628662,
                        -0.02885437,
                        0.0036716461,
                        -0.08288574,
                        0.054534912,
                        -0.10809326,
                        0.0073127747,
                        -0.008255005,
                        -0.007194519,
                        -0.0026855469,
                        0.011924744,
                        -0.000076532364,
                        0.055755615,
                        -0.03466797,
                        -0.029067993,
                        0.035461426,
                        0.027038574,
                        -0.013572693,
                        0.032928467,
                        0.05392456,
                        0.013832092,
                        -0.009803772,
                        0.011314392,
                        0.010307312,
                        0.016098022,
                        -0.043701172,
                        -0.056152344,
                        0.043029785,
                        0.017807007,
                        0.028656006,
                        -0.035858154,
                        0.011543274,
                        0.046295166,
                        0.021591187,
                        -0.004020691,
                        0.0068511963,
                        0.0008664131,
                        0.0067481995,
                        0.012130737,
                        -0.014709473,
                        -0.0041275024,
                        -0.0045318604,
                        0.0038166046,
                        0.0010910034,
                        0.055389404,
                        0.017791748,
                        0.027404785,
                        0.009208679,
                        0.02017212,
                        0.046417236,
                        0.05581665,
                        0.0110321045,
                        -0.033325195,
                        -0.021728516,
                        -0.011123657,
                        -0.003768921,
                        0.0690918,
                        0.028335571,
                        -0.01737976,
                        -0.015625,
                        -0.042388916,
                        0.0047416687,
                        0.03427124,
                        0.013389587,
                        0.038970947,
                        0.06021118,
                        -0.013122559,
                        0.021865845,
                        0.04071045,
                        0.040893555,
                        0.007381439,
                        0.017868042,
                        0.029968262,
                        0.03857422,
                        0.047088623,
                        -0.0020046234,
                        0.019302368,
                        0.02067566,
                        -0.015159607,
                        -0.00034976006,
                        0.028060913,
                        0.0041770935,
                        -0.005744934,
                        -0.0019550323,
                        0.025268555,
                        -0.015106201,
                        -0.012626648,
                        -0.000020503998,
                        -0.0036697388,
                        -0.011413574,
                        -0.005794525,
                        0.0046463013,
                        -0.0010099411,
                        -0.023620605,
                        0.036834717,
                        0.0013113022,
                        -0.039611816,
                        0.017730713,
                        0.0005106926,
                        -0.001209259,
                        0.0061035156,
                        0.028381348,
                        0.08215332,
                        -0.015975952,
                        0.033599854,
                        -0.0021648407,
                        0.0066871643,
                        0.028015137,
                        -0.00037765503,
                        -0.022567749,
                        -0.009674072,
                        0.043182373,
                        0.012786865,
                        -0.048736572,
                        0.0016937256,
                        -0.07293701,
                        -0.0034561157,
                        -0.014076233,
                        0.038482666,
                        0.009628296,
                        0.041931152,
                        0.006099701,
                        -0.038360596,
                        0.03765869,
                        -0.062286377,
                        -0.014350891,
                        0.043884277,
                        -0.0047950745,
                        -0.0044784546,
                        0.011772156,
                        0.009902954,
                        0.009857178,
                        0.01461792,
                        -0.013374329,
                        -0.020645142,
                        -0.0021877289,
                        0.0020637512,
                        0.031921387,
                        -0.026321411,
                        -0.01576233,
                        0.007965088,
                        0.009353638,
                        -0.0256958,
                        -0.019882202,
                        0.014770508,
                        -0.02104187,
                        -0.044311523,
                        -0.005470276,
                        -0.0020713806,
                        -0.026290894,
                        0.026763916,
                        0.022262573,
                        -0.009490967,
                        -0.05206299,
                        -0.0012302399,
                        0.023788452,
                        0.0069885254,
                        0.059143066,
                        0.0018377304,
                        0.020553589,
                        -0.025344849,
                        -0.0025234222,
                        -0.0055236816,
                        -0.019088745,
                        -0.008834839,
                        0.018051147,
                        0.0012369156,
                        0.029830933,
                        0.010528564,
                        0.0006556511,
                        0.0044288635,
                        0.025283813,
                        0.00024700165,
                        0.0060768127,
                        0.012672424,
                        -0.008285522,
                        0.012535095,
                        0.0054473877,
                        -0.019119263,
                        -0.031433105,
                        0.00011438131,
                        -0.10882568,
                        0.021560669,
                        0.08892822,
                        -0.025558472,
                        -0.034179688,
                        0.034454346,
                        -0.005592346,
                        0.014701843,
                        0.07080078,
                        -0.0040359497,
                        0.023468018,
                        0.054107666,
                        -0.018615723,
                        -0.0061683655,
                        -0.0112838745,
                        -0.0069351196,
                        0.013053894,
                        -0.0016050339,
                        0.08135986,
                        -0.014060974,
                        -0.022857666,
                        -0.015686035,
                        0.07434082,
                        -0.06945801,
                        0.053985596,
                        0.012786865,
                        -0.02748108,
                        0.024597168,
                        0.01146698,
                        0.051513672,
                        -0.0013532639,
                        -0.055145264,
                        0.0012969971,
                        -0.059265137,
                        -0.013290405,
                        -0.001707077,
                        0.045776367,
                        0.07598877,
                        -0.0234375,
                        -0.029693604,
                        -0.030151367,
                        -0.005027771,
                        0.023132324,
                        0.0031528473,
                        -0.0020694733,
                        0.0005698204,
                        -0.011734009,
                        -0.013183594,
                        0.015655518,
                        0.022323608,
                        -0.0014753342,
                        -0.029937744,
                        0.011779785,
                        0.010292053,
                        0.05871582,
                        0.016860962,
                        -0.0013933182,
                        0.021438599,
                        0.009254456,
                        0.0033893585,
                        0.001367569,
                        0.005332947,
                        -0.030273438,
                        -0.02784729,
                        0.05328369,
                        -0.024795532,
                        0.042541504,
                        -0.058532715,
                        0.0018720627,
                        0.011604309,
                        0.0020103455,
                        0.009536743,
                        0.02243042,
                        0.028060913,
                        0.027801514,
                        0.009811401,
                        -0.012886047,
                        0.043518066,
                        -0.004398346,
                        -0.04675293,
                        0.031341553,
                        0.029571533,
                        -0.011856079,
                        0.018173218,
                        -0.076538086,
                        -0.007621765,
                        -0.0075263977,
                        0.010498047,
                        -0.051361084,
                        -0.02999878,
                        -0.011947632,
                        0.043518066,
                        0.0002541542,
                        0.005027771,
                        0.031311035,
                        -0.004558563,
                        -0.010910034,
                        0.014564514,
                        -0.012710571,
                        0.08270264,
                        0.006122589,
                        -0.04663086,
                        -0.044891357,
                        -0.00699234,
                        0.0096588135,
                        -0.0047683716,
                        0.050354004,
                        -0.0052261353,
                        0.024353027,
                        0.01637268,
                        -0.000916481,
                        0.06774902,
                        0.03253174,
                        0.0064811707,
                        0.025344849,
                        -0.009170532,
                        -0.006134033,
                        0.017837524,
                        -0.004295349,
                        -0.027770996,
                        0.0031871796,
                        0.006664276,
                        -0.018539429,
                        -0.030075073,
                        0.04953003,
                        0.028411865,
                        -0.020507812,
                        -0.007713318,
                        0.04647827,
                        0.0029029846,
                        0.007499695,
                        0.039764404,
                        -0.0059127808,
                        -0.024932861,
                        0.0035820007,
                        -0.026016235,
                        0.058654785,
                        -0.013198853,
                        -0.0256958,
                        -0.0019493103,
                        -0.005645752,
                        -0.030929565,
                        -0.0016040802,
                        0.0101623535,
                        -0.0075950623,
                        -0.000228405,
                        -0.030075073,
                        0.029296875,
                        -0.012771606,
                        0.03970337,
                        -0.012550354,
                        -0.027435303,
                        0.023956299,
                        0.027877808,
                        -0.08520508,
                        0.008125305,
                        0.052642822,
                        -0.097473145,
                        -0.068603516,
                        0.011276245,
                        0.0026836395,
                        -0.00819397,
                        0.0036811829,
                        -0.0012321472,
                        -0.02267456,
                        0.011619568,
                        0.011207581,
                        0.022476196,
                        -0.007221222,
                        -0.04537964,
                        -0.01449585,
                        -0.012863159,
                        -0.031555176,
                        -0.012428284,
                        0.06451416,
                        0.0025672913,
                        -0.021820068,
                        -0.0395813,
                        -0.06311035,
                        -0.011528015,
                        -0.0058250427,
                        0.079833984,
                        -0.008590698,
                        0.03475952,
                        -0.028930664,
                        -0.028335571,
                        -0.0009946823,
                        -0.024856567,
                        -0.007320404,
                        0.015045166,
                        -0.01939392,
                        -0.040618896,
                        0.0009880066,
                        -0.0075187683,
                        0.009284973,
                        0.015129089,
                        -0.017608643,
                        -0.012840271,
                        0.0050735474,
                        -0.04449463,
                        0.017150879,
                        -0.0039482117,
                        0.015045166,
                        -0.03768921,
                        -0.007255554,
                        -0.0395813,
                        0.059814453,
                        -0.038482666,
                        0.046295166,
                        -0.044555664,
                        -0.0045166016,
                        0.05532837,
                        0.0000052452087,
                        -0.022232056,
                        0.02709961,
                        -0.016571045,
                        0.029190063,
                        0.032287598,
                        0.060760498,
                        -0.04257202,
                        -0.10070801,
                        -0.028259277,
                        -0.021484375,
                        -0.005065918,
                        0.02859497,
                        -0.06021118,
                        0.039978027,
                        0.0019779205,
                        -0.060394287,
                        0.023727417,
                        0.004295349,
                        -0.010627747,
                        0.017654419,
                        -0.00472641,
                        -0.020477295,
                        0.017211914,
                        0.026809692,
                        -0.010231018,
                        -0.031707764,
                        -0.0107040405,
                        -0.0357666,
                        -0.0134887695,
                        0.024658203,
                        0.003211975,
                        -0.021499634,
                        -0.032165527,
                        0.018371582,
                        0.015312195,
                        -0.014022827,
                        0.012260437,
                        -0.040008545,
                        -0.0602417,
                        -0.06536865,
                        -0.002773285,
                        0.0259552,
                        0.036468506,
                        -0.020996094,
                        0.028686523,
                        -0.016448975,
                        0.00037431717,
                        -0.01927185,
                        0.0018472672,
                        0.014122009,
                        0.032684326,
                        -0.062561035,
                        0.032592773,
                        0.0423584,
                        0.024368286,
                        0.028152466,
                        0.017532349,
                        0.01335907,
                        0.0054893494,
                        -0.030654907,
                        0.039489746,
                        -0.02696228,
                        -0.029525757,
                        0.006587982,
                        0.026733398,
                        -0.01033783,
                        0.025985718,
                        -0.006023407,
                        -0.022659302,
                        0.012863159,
                        0.044555664,
                        0.053619385,
                        -0.017501831,
                        -0.037200928,
                        0.030532837,
                        -0.0390625,
                        -0.015716553,
                        -0.0010547638,
                        -0.012077332,
                        0.01083374,
                        0.04232788,
                        -0.022506714,
                        -0.002368927,
                        0.033813477,
                        -0.012573242,
                        -0.010948181,
                        -0.0028324127,
                        0.0013771057,
                        -0.026016235,
                        -0.0010633469,
                        0.0115737915,
                        0.019607544,
                        0.00187397,
                        -0.028152466,
                        0.0014867783,
                        -0.0423584,
                        0.053527832,
                        -0.023391724,
                        -0.002313614,
                        0.012252808,
                        0.026489258,
                        0.024230957,
                        -0.018371582,
                        0.0018119812,
                        0.0146484375,
                        0.076171875,
                        0.044647217,
                        0.016616821,
                        -0.0037612915,
                        -0.0129852295,
                        0.050811768,
                        0.03616333,
                        -0.053466797,
                        0.014038086,
                        0.0017814636,
                        -0.029464722,
                        0.016220093,
                        -0.028915405,
                        -0.053894043,
                        0.015975952,
                        -0.06414795,
                        0.0065841675,
                        -0.008979797,
                        -0.046295166,
                        0.00034165382,
                        -0.0067100525,
                        0.015113831,
                        0.012565613,
                        -0.011878967,
                        -0.036071777,
                        -0.009513855,
                        0.018066406,
                        0.0069274902,
                        0.035217285,
                        -0.02720642,
                        0.01272583,
                        0.009979248,
                        -0.020584106,
                        0.007499695,
                        0.053741455,
                        -0.08154297,
                        -0.0015659332,
                        -0.028564453,
                        0.022476196,
                        -0.0079422,
                        0.05987549,
                        -0.05038452,
                        -0.029006958,
                        -0.025253296,
                        -0.032318115,
                        0.027740479,
                        0.00056409836,
                        0.018997192,
                        0.010276794,
                        0.017929077,
                        -0.059814453,
                        -0.01373291,
                        -0.008621216,
                        0.0074157715,
                        -0.0026798248,
                        0.0024375916,
                        -0.0012779236,
                        -0.0058021545,
                        0.00008124113,
                        0.008270264,
                        -0.002216339,
                        0.031982422,
                        0.014465332,
                        -0.019622803,
                        -0.025863647,
                        0.04119873,
                        0.00016856194,
                        0.021484375,
                        0.051605225,
                        -0.021697998,
                        -0.026321411,
                        -0.05706787,
                        0.008178711,
                        -0.06378174,
                        -0.0059776306,
                        0.033203125,
                        0.00059747696,
                        -0.031021118,
                        0.0015935898,
                        -0.03503418,
                        -0.054504395,
                        -0.011909485,
                        -0.0013637543,
                        -0.041778564,
                        -0.036468506,
                        -0.020202637,
                        -0.02381897,
                        0.012878418,
                        -0.005596161,
                        0.00919342,
                        -0.013687134,
                        0.04034424,
                        0.04711914,
                        0.02696228,
                        0.028396606,
                        0.012794495,
                        -0.041046143,
                        -0.0055160522,
                        -0.0005812645,
                        0.06173706,
                        -0.09729004,
                        -0.052520752,
                        -0.0018806458,
                        -0.017120361,
                        0.06304932,
                        0.07800293,
                        0.010635376,
                        -0.029510498,
                        -0.028564453,
                        -0.01574707,
                        0.037384033,
                        0.006462097,
                        -0.028182983,
                        0.04727173,
                        0.02468872,
                        -0.012496948,
                        -0.052642822,
                        -0.026489258,
                        -0.008384705,
                        0.026123047,
                        -0.0027923584,
                        0.05307007,
                        -0.0036830902,
                        0.020187378,
                        0.027145386,
                        0.0028362274,
                        0.006175995,
                        0.0019836426,
                        0.0030288696,
                        -0.014831543,
                        0.008743286,
                        0.0026283264,
                        0.0124435425,
                        0.027328491,
                        0.016098022,
                        -0.045654297,
                        -0.016571045,
                        -0.00090646744,
                        0.0131073,
                        0.024246216,
                        -0.0178833,
                        -0.044952393,
                        -0.0025939941,
                        -0.0058517456,
                        -0.030349731,
                        0.0231781,
                        -0.008964539,
                        0.020202637,
                        0.010650635,
                        0.030761719,
                        -0.0038547516,
                        -0.009559631,
                        0.03225708,
                        -0.0059051514,
                        0.028884888,
                        -0.009086609,
                        -0.033966064,
                        -0.04321289,
                        -0.027069092,
                        0.02746582,
                        -0.023345947,
                        0.054229736,
                        -0.03201294,
                        0.06567383,
                        0.0050735474,
                        0.023239136,
                        0.02835083,
                        0.006954193,
                        0.005016327,
                        0.0077056885,
                        -0.020721436,
                        0.022842407,
                        0.018844604,
                        -0.006023407,
                        -0.023910522,
                        0.0075416565,
                        0.012329102,
                        0.02168274,
                        0.046875,
                        0.053985596,
                        -0.029464722,
                        -0.012496948,
                        -0.043029785,
                        0.047576904,
                        -0.03704834,
                        -0.03616333,
                        -0.011802673,
                        -0.040100098,
                        0.017532349,
                        0.003112793,
                        -0.00182724,
                        -0.03201294,
                        -0.016998291,
                        -0.008728027,
                        0.027008057,
                        0.009773254,
                        0.027130127,
                        0.009628296,
                        -0.045715332,
                        0.0064468384,
                        0.03930664,
                        0.06677246,
                        0.07623291,
                        0.079711914,
                        -0.01234436,
                        -0.010429382,
                        0.012214661,
                        0.00548172,
                        0.0017433167,
                        0.011665344,
                        -0.004863739,
                        -0.047851562,
                        -0.021713257,
                        0.018798828,
                        0.013267517,
                        -0.030914307,
                        -0.030883789,
                        0.035095215,
                        -0.002494812,
                        -0.014953613,
                        -0.00014972687,
                        -0.010559082,
                        -0.016052246,
                        0.06677246,
                        0.015602112,
                        -0.01663208,
                        -0.022476196,
                        -0.006034851,
                        0.027053833,
                        -0.006664276,
                        0.04449463,
                        -0.0043754578,
                        -0.07824707,
                        -0.0019006729,
                        -0.015365601,
                        0.02128601,
                        0.009407043,
                        0.0262146,
                        -0.037261963,
                        0.01058197,
                        -0.037719727,
                        -0.053131104,
                        -0.046203613,
                        -0.010406494,
                        0.017471313,
                        -0.028137207,
                        0.009284973,
                        -0.009674072,
                        -0.02432251,
                        -0.0138168335,
                        -0.00844574,
                        -0.009140015,
                        0.046844482,
                        0.012420654,
                        -0.023391724,
                        0.029708862,
                        -0.012954712,
                        0.018722534,
                        0.015899658,
                        -0.02558899,
                        0.021835327,
                        -0.00017547607,
                        -0.04675293,
                        0.020874023,
                        -0.015411377,
                        0.028152466,
                        -0.012649536,
                        0.054748535,
                        -0.0440979,
                        0.0021419525,
                        0.008872986,
                        0.038757324,
                        0.015342712,
                        0.018569946,
                        0.017547607,
                        0.14147949,
                        0.015777588,
                        0.02192688,
                        0.0028514862,
                        -0.009155273,
                        0.04257202,
                        -0.047668457,
                        0.02154541,
                        -0.008384705,
                        0.005569458,
                        0.023208618,
                        0.009742737,
                        0.029907227,
                        -0.009124756,
                        0.013214111,
                        0.0031585693,
                        -0.008666992,
                        -0.00009256601,
                        -0.025299072,
                        -0.016647339,
                        0.026412964,
                        0.01222229,
                        -0.029571533,
                        0.020599365,
                        -0.030899048,
                        0.0057144165,
                        -0.00554657,
                        -0.06512451,
                        0.011413574,
                        -0.031082153,
                        -0.05166626,
                        -0.05529785,
                        -0.0023727417
                    ],
                    "context": "Jazz is a musical genre that originated in the African-American communities of New Orleans in the 19th century. By the 20th century, jazz was recognized as a significant form of musical expression and became popular worldwide. Jazz has its roots in European harmony and African rhythmic rituals and is characterized by swing and blue notes, complex chords, call-and-response vocals, polyrhythms, and improvisation. Jazz has played a significant role in shaping American culture and continues to be a popular and influential genre of music. \n\nWould you like to know more about the history of jazz?"
                }
            },
            {
                "_index": "oic",
                "_id": "jazz.pdf-314",
                "_score": -4422440400,
                "_source": {
                    "date": "2024-04-04T14:18:13Z",
                    "applicationName": "",
                    "modified": "2024-04-04T14:18:13Z",
                    "contentType": "application/pdf",
                    "parsedBy": "org.apache.tika.parser.DefaultParser",
                    "creationDate": "2024-04-04T14:18:13Z",
                    "author": "",
                    "publisher": "",
                    "content": " Jazz is characterized by swing and blue notes, complex chords, call and response vocals, polyrhythms and improvisation. Jazz has roots in European harmony and African rhythmic rituals.[5][6]   ",
                    "other1": "",
                    "other2": "",
                    "other3": "",
                    "filename": "jazz.pdf",
                    "page": "1",
                    "path": "/n/fr03kzmuvhtf/b/search-public-bucket/o/jazz.pdf",
                    "region": "us-chicago-1\t",
                    "cohere_embed": [
                        0.0418396,
                        0.014930725,
                        -0.04638672,
                        -0.06958008,
                        0.025680542,
                        -0.02709961,
                        0.0022735596,
                        -0.006565094,
                        -0.056518555,
                        0.03967285,
                        0.00592041,
                        0.017120361,
                        0.0073280334,
                        -0.027145386,
                        0.029296875,
                        -0.030731201,
                        0.024429321,
                        0.025665283,
                        0.019851685,
                        -0.01146698,
                        0.013946533,
                        -0.0038967133,
                        0.0129470825,
                        0.03781128,
                        0.06072998,
                        -0.03387451,
                        -0.028915405,
                        0.011505127,
                        0.049072266,
                        0.018310547,
                        0.027069092,
                        -0.043426514,
                        0.02911377,
                        0.022781372,
                        -0.009338379,
                        -0.015792847,
                        -0.010070801,
                        0.0149002075,
                        0.000041007996,
                        0.030136108,
                        0.013053894,
                        -0.008430481,
                        0.0048942566,
                        -0.013092041,
                        -0.015388489,
                        -0.04937744,
                        0.055999756,
                        -0.02458191,
                        0.020568848,
                        -0.04748535,
                        -0.010604858,
                        0.024291992,
                        0.0021018982,
                        -0.025787354,
                        0.0066566467,
                        0.03552246,
                        0.018997192,
                        -0.11224365,
                        0.000790596,
                        0.02658081,
                        0.0463562,
                        -0.018005371,
                        0.029708862,
                        0.0060043335,
                        0.0047721863,
                        -0.009666443,
                        0.015380859,
                        0.027618408,
                        -0.07684326,
                        -0.0069999695,
                        0.048858643,
                        -0.03741455,
                        0.0013027191,
                        -0.05480957,
                        0.010971069,
                        0.044708252,
                        -0.03591919,
                        0.00308609,
                        0.014297485,
                        -0.00030875206,
                        -0.021865845,
                        -0.0021400452,
                        0.04711914,
                        -0.061431885,
                        -0.007369995,
                        -0.048736572,
                        -0.020858765,
                        0.017684937,
                        -0.028427124,
                        -0.015151978,
                        -0.025253296,
                        0.038360596,
                        -0.03515625,
                        -0.009025574,
                        -0.024871826,
                        -0.011627197,
                        -0.013168335,
                        -0.05517578,
                        0.008834839,
                        -0.017211914,
                        0.040039062,
                        -0.036834717,
                        -0.011703491,
                        0.021591187,
                        -0.016967773,
                        0.018966675,
                        0.020431519,
                        -0.019210815,
                        -0.003873825,
                        0.012298584,
                        -0.024795532,
                        0.012672424,
                        0.0036201477,
                        0.029266357,
                        -0.03277588,
                        -0.039733887,
                        -0.050201416,
                        0.020736694,
                        -0.011413574,
                        0.020996094,
                        0.024765015,
                        0.02293396,
                        0.030151367,
                        -0.013420105,
                        0.014663696,
                        0.00655365,
                        -0.031829834,
                        -0.036224365,
                        0.0037498474,
                        0.013343811,
                        -0.019744873,
                        0.03933716,
                        -0.0119018555,
                        -0.05041504,
                        -0.045166016,
                        -0.014053345,
                        0.015853882,
                        -0.000095665455,
                        -0.010169983,
                        0.029296875,
                        -0.028152466,
                        -0.011489868,
                        0.038391113,
                        -0.027755737,
                        0.072387695,
                        -0.020385742,
                        0.008369446,
                        0.035217285,
                        0.044799805,
                        0.034057617,
                        0.053527832,
                        0.0066375732,
                        -0.040252686,
                        0.021911621,
                        0.010612488,
                        0.070739746,
                        -0.044708252,
                        0.05279541,
                        -0.022460938,
                        0.075683594,
                        -0.07366943,
                        -0.048736572,
                        -0.025177002,
                        0.028518677,
                        -0.008171082,
                        0.08074951,
                        0.11395264,
                        0.01638794,
                        0.021850586,
                        0.0016489029,
                        0.037384033,
                        -0.015396118,
                        0.04537964,
                        0.0082092285,
                        0.0053634644,
                        0.020355225,
                        -0.0025920868,
                        -0.048828125,
                        0.00096702576,
                        0.091674805,
                        0.037506104,
                        -0.021774292,
                        -0.05014038,
                        0.04248047,
                        -0.014419556,
                        -0.007888794,
                        0.030303955,
                        0.03967285,
                        -0.009506226,
                        0.024475098,
                        0.00737381,
                        0.00868988,
                        -0.022659302,
                        0.00034952164,
                        -0.032165527,
                        0.014793396,
                        -0.0030670166,
                        0.03387451,
                        -0.0154953,
                        -0.0077934265,
                        -0.019943237,
                        -0.0109939575,
                        -0.005607605,
                        0.0012693405,
                        -0.014640808,
                        -0.029449463,
                        -0.0050964355,
                        0.011543274,
                        0.0051651,
                        0.0017318726,
                        -0.013046265,
                        0.011146545,
                        0.03363037,
                        -0.117004395,
                        -0.031051636,
                        0.060058594,
                        -0.0039138794,
                        -0.050628662,
                        -0.02885437,
                        0.0036716461,
                        -0.08288574,
                        0.054534912,
                        -0.10809326,
                        0.0073127747,
                        -0.008255005,
                        -0.007194519,
                        -0.0026855469,
                        0.011924744,
                        -0.000076532364,
                        0.055755615,
                        -0.03466797,
                        -0.029067993,
                        0.035461426,
                        0.027038574,
                        -0.013572693,
                        0.032928467,
                        0.05392456,
                        0.013832092,
                        -0.009803772,
                        0.011314392,
                        0.010307312,
                        0.016098022,
                        -0.043701172,
                        -0.056152344,
                        0.043029785,
                        0.017807007,
                        0.028656006,
                        -0.035858154,
                        0.011543274,
                        0.046295166,
                        0.021591187,
                        -0.004020691,
                        0.0068511963,
                        0.0008664131,
                        0.0067481995,
                        0.012130737,
                        -0.014709473,
                        -0.0041275024,
                        -0.0045318604,
                        0.0038166046,
                        0.0010910034,
                        0.055389404,
                        0.017791748,
                        0.027404785,
                        0.009208679,
                        0.02017212,
                        0.046417236,
                        0.05581665,
                        0.0110321045,
                        -0.033325195,
                        -0.021728516,
                        -0.011123657,
                        -0.003768921,
                        0.0690918,
                        0.028335571,
                        -0.01737976,
                        -0.015625,
                        -0.042388916,
                        0.0047416687,
                        0.03427124,
                        0.013389587,
                        0.038970947,
                        0.06021118,
                        -0.013122559,
                        0.021865845,
                        0.04071045,
                        0.040893555,
                        0.007381439,
                        0.017868042,
                        0.029968262,
                        0.03857422,
                        0.047088623,
                        -0.0020046234,
                        0.019302368,
                        0.02067566,
                        -0.015159607,
                        -0.00034976006,
                        0.028060913,
                        0.0041770935,
                        -0.005744934,
                        -0.0019550323,
                        0.025268555,
                        -0.015106201,
                        -0.012626648,
                        -0.000020503998,
                        -0.0036697388,
                        -0.011413574,
                        -0.005794525,
                        0.0046463013,
                        -0.0010099411,
                        -0.023620605,
                        0.036834717,
                        0.0013113022,
                        -0.039611816,
                        0.017730713,
                        0.0005106926,
                        -0.001209259,
                        0.0061035156,
                        0.028381348,
                        0.08215332,
                        -0.015975952,
                        0.033599854,
                        -0.0021648407,
                        0.0066871643,
                        0.028015137,
                        -0.00037765503,
                        -0.022567749,
                        -0.009674072,
                        0.043182373,
                        0.012786865,
                        -0.048736572,
                        0.0016937256,
                        -0.07293701,
                        -0.0034561157,
                        -0.014076233,
                        0.038482666,
                        0.009628296,
                        0.041931152,
                        0.006099701,
                        -0.038360596,
                        0.03765869,
                        -0.062286377,
                        -0.014350891,
                        0.043884277,
                        -0.0047950745,
                        -0.0044784546,
                        0.011772156,
                        0.009902954,
                        0.009857178,
                        0.01461792,
                        -0.013374329,
                        -0.020645142,
                        -0.0021877289,
                        0.0020637512,
                        0.031921387,
                        -0.026321411,
                        -0.01576233,
                        0.007965088,
                        0.009353638,
                        -0.0256958,
                        -0.019882202,
                        0.014770508,
                        -0.02104187,
                        -0.044311523,
                        -0.005470276,
                        -0.0020713806,
                        -0.026290894,
                        0.026763916,
                        0.022262573,
                        -0.009490967,
                        -0.05206299,
                        -0.0012302399,
                        0.023788452,
                        0.0069885254,
                        0.059143066,
                        0.0018377304,
                        0.020553589,
                        -0.025344849,
                        -0.0025234222,
                        -0.0055236816,
                        -0.019088745,
                        -0.008834839,
                        0.018051147,
                        0.0012369156,
                        0.029830933,
                        0.010528564,
                        0.0006556511,
                        0.0044288635,
                        0.025283813,
                        0.00024700165,
                        0.0060768127,
                        0.012672424,
                        -0.008285522,
                        0.012535095,
                        0.0054473877,
                        -0.019119263,
                        -0.031433105,
                        0.00011438131,
                        -0.10882568,
                        0.021560669,
                        0.08892822,
                        -0.025558472,
                        -0.034179688,
                        0.034454346,
                        -0.005592346,
                        0.014701843,
                        0.07080078,
                        -0.0040359497,
                        0.023468018,
                        0.054107666,
                        -0.018615723,
                        -0.0061683655,
                        -0.0112838745,
                        -0.0069351196,
                        0.013053894,
                        -0.0016050339,
                        0.08135986,
                        -0.014060974,
                        -0.022857666,
                        -0.015686035,
                        0.07434082,
                        -0.06945801,
                        0.053985596,
                        0.012786865,
                        -0.02748108,
                        0.024597168,
                        0.01146698,
                        0.051513672,
                        -0.0013532639,
                        -0.055145264,
                        0.0012969971,
                        -0.059265137,
                        -0.013290405,
                        -0.001707077,
                        0.045776367,
                        0.07598877,
                        -0.0234375,
                        -0.029693604,
                        -0.030151367,
                        -0.005027771,
                        0.023132324,
                        0.0031528473,
                        -0.0020694733,
                        0.0005698204,
                        -0.011734009,
                        -0.013183594,
                        0.015655518,
                        0.022323608,
                        -0.0014753342,
                        -0.029937744,
                        0.011779785,
                        0.010292053,
                        0.05871582,
                        0.016860962,
                        -0.0013933182,
                        0.021438599,
                        0.009254456,
                        0.0033893585,
                        0.001367569,
                        0.005332947,
                        -0.030273438,
                        -0.02784729,
                        0.05328369,
                        -0.024795532,
                        0.042541504,
                        -0.058532715,
                        0.0018720627,
                        0.011604309,
                        0.0020103455,
                        0.009536743,
                        0.02243042,
                        0.028060913,
                        0.027801514,
                        0.009811401,
                        -0.012886047,
                        0.043518066,
                        -0.004398346,
                        -0.04675293,
                        0.031341553,
                        0.029571533,
                        -0.011856079,
                        0.018173218,
                        -0.076538086,
                        -0.007621765,
                        -0.0075263977,
                        0.010498047,
                        -0.051361084,
                        -0.02999878,
                        -0.011947632,
                        0.043518066,
                        0.0002541542,
                        0.005027771,
                        0.031311035,
                        -0.004558563,
                        -0.010910034,
                        0.014564514,
                        -0.012710571,
                        0.08270264,
                        0.006122589,
                        -0.04663086,
                        -0.044891357,
                        -0.00699234,
                        0.0096588135,
                        -0.0047683716,
                        0.050354004,
                        -0.0052261353,
                        0.024353027,
                        0.01637268,
                        -0.000916481,
                        0.06774902,
                        0.03253174,
                        0.0064811707,
                        0.025344849,
                        -0.009170532,
                        -0.006134033,
                        0.017837524,
                        -0.004295349,
                        -0.027770996,
                        0.0031871796,
                        0.006664276,
                        -0.018539429,
                        -0.030075073,
                        0.04953003,
                        0.028411865,
                        -0.020507812,
                        -0.007713318,
                        0.04647827,
                        0.0029029846,
                        0.007499695,
                        0.039764404,
                        -0.0059127808,
                        -0.024932861,
                        0.0035820007,
                        -0.026016235,
                        0.058654785,
                        -0.013198853,
                        -0.0256958,
                        -0.0019493103,
                        -0.005645752,
                        -0.030929565,
                        -0.0016040802,
                        0.0101623535,
                        -0.0075950623,
                        -0.000228405,
                        -0.030075073,
                        0.029296875,
                        -0.012771606,
                        0.03970337,
                        -0.012550354,
                        -0.027435303,
                        0.023956299,
                        0.027877808,
                        -0.08520508,
                        0.008125305,
                        0.052642822,
                        -0.097473145,
                        -0.068603516,
                        0.011276245,
                        0.0026836395,
                        -0.00819397,
                        0.0036811829,
                        -0.0012321472,
                        -0.02267456,
                        0.011619568,
                        0.011207581,
                        0.022476196,
                        -0.007221222,
                        -0.04537964,
                        -0.01449585,
                        -0.012863159,
                        -0.031555176,
                        -0.012428284,
                        0.06451416,
                        0.0025672913,
                        -0.021820068,
                        -0.0395813,
                        -0.06311035,
                        -0.011528015,
                        -0.0058250427,
                        0.079833984,
                        -0.008590698,
                        0.03475952,
                        -0.028930664,
                        -0.028335571,
                        -0.0009946823,
                        -0.024856567,
                        -0.007320404,
                        0.015045166,
                        -0.01939392,
                        -0.040618896,
                        0.0009880066,
                        -0.0075187683,
                        0.009284973,
                        0.015129089,
                        -0.017608643,
                        -0.012840271,
                        0.0050735474,
                        -0.04449463,
                        0.017150879,
                        -0.0039482117,
                        0.015045166,
                        -0.03768921,
                        -0.007255554,
                        -0.0395813,
                        0.059814453,
                        -0.038482666,
                        0.046295166,
                        -0.044555664,
                        -0.0045166016,
                        0.05532837,
                        0.0000052452087,
                        -0.022232056,
                        0.02709961,
                        -0.016571045,
                        0.029190063,
                        0.032287598,
                        0.060760498,
                        -0.04257202,
                        -0.10070801,
                        -0.028259277,
                        -0.021484375,
                        -0.005065918,
                        0.02859497,
                        -0.06021118,
                        0.039978027,
                        0.0019779205,
                        -0.060394287,
                        0.023727417,
                        0.004295349,
                        -0.010627747,
                        0.017654419,
                        -0.00472641,
                        -0.020477295,
                        0.017211914,
                        0.026809692,
                        -0.010231018,
                        -0.031707764,
                        -0.0107040405,
                        -0.0357666,
                        -0.0134887695,
                        0.024658203,
                        0.003211975,
                        -0.021499634,
                        -0.032165527,
                        0.018371582,
                        0.015312195,
                        -0.014022827,
                        0.012260437,
                        -0.040008545,
                        -0.0602417,
                        -0.06536865,
                        -0.002773285,
                        0.0259552,
                        0.036468506,
                        -0.020996094,
                        0.028686523,
                        -0.016448975,
                        0.00037431717,
                        -0.01927185,
                        0.0018472672,
                        0.014122009,
                        0.032684326,
                        -0.062561035,
                        0.032592773,
                        0.0423584,
                        0.024368286,
                        0.028152466,
                        0.017532349,
                        0.01335907,
                        0.0054893494,
                        -0.030654907,
                        0.039489746,
                        -0.02696228,
                        -0.029525757,
                        0.006587982,
                        0.026733398,
                        -0.01033783,
                        0.025985718,
                        -0.006023407,
                        -0.022659302,
                        0.012863159,
                        0.044555664,
                        0.053619385,
                        -0.017501831,
                        -0.037200928,
                        0.030532837,
                        -0.0390625,
                        -0.015716553,
                        -0.0010547638,
                        -0.012077332,
                        0.01083374,
                        0.04232788,
                        -0.022506714,
                        -0.002368927,
                        0.033813477,
                        -0.012573242,
                        -0.010948181,
                        -0.0028324127,
                        0.0013771057,
                        -0.026016235,
                        -0.0010633469,
                        0.0115737915,
                        0.019607544,
                        0.00187397,
                        -0.028152466,
                        0.0014867783,
                        -0.0423584,
                        0.053527832,
                        -0.023391724,
                        -0.002313614,
                        0.012252808,
                        0.026489258,
                        0.024230957,
                        -0.018371582,
                        0.0018119812,
                        0.0146484375,
                        0.076171875,
                        0.044647217,
                        0.016616821,
                        -0.0037612915,
                        -0.0129852295,
                        0.050811768,
                        0.03616333,
                        -0.053466797,
                        0.014038086,
                        0.0017814636,
                        -0.029464722,
                        0.016220093,
                        -0.028915405,
                        -0.053894043,
                        0.015975952,
                        -0.06414795,
                        0.0065841675,
                        -0.008979797,
                        -0.046295166,
                        0.00034165382,
                        -0.0067100525,
                        0.015113831,
                        0.012565613,
                        -0.011878967,
                        -0.036071777,
                        -0.009513855,
                        0.018066406,
                        0.0069274902,
                        0.035217285,
                        -0.02720642,
                        0.01272583,
                        0.009979248,
                        -0.020584106,
                        0.007499695,
                        0.053741455,
                        -0.08154297,
                        -0.0015659332,
                        -0.028564453,
                        0.022476196,
                        -0.0079422,
                        0.05987549,
                        -0.05038452,
                        -0.029006958,
                        -0.025253296,
                        -0.032318115,
                        0.027740479,
                        0.00056409836,
                        0.018997192,
                        0.010276794,
                        0.017929077,
                        -0.059814453,
                        -0.01373291,
                        -0.008621216,
                        0.0074157715,
                        -0.0026798248,
                        0.0024375916,
                        -0.0012779236,
                        -0.0058021545,
                        0.00008124113,
                        0.008270264,
                        -0.002216339,
                        0.031982422,
                        0.014465332,
                        -0.019622803,
                        -0.025863647,
                        0.04119873,
                        0.00016856194,
                        0.021484375,
                        0.051605225,
                        -0.021697998,
                        -0.026321411,
                        -0.05706787,
                        0.008178711,
                        -0.06378174,
                        -0.0059776306,
                        0.033203125,
                        0.00059747696,
                        -0.031021118,
                        0.0015935898,
                        -0.03503418,
                        -0.054504395,
                        -0.011909485,
                        -0.0013637543,
                        -0.041778564,
                        -0.036468506,
                        -0.020202637,
                        -0.02381897,
                        0.012878418,
                        -0.005596161,
                        0.00919342,
                        -0.013687134,
                        0.04034424,
                        0.04711914,
                        0.02696228,
                        0.028396606,
                        0.012794495,
                        -0.041046143,
                        -0.0055160522,
                        -0.0005812645,
                        0.06173706,
                        -0.09729004,
                        -0.052520752,
                        -0.0018806458,
                        -0.017120361,
                        0.06304932,
                        0.07800293,
                        0.010635376,
                        -0.029510498,
                        -0.028564453,
                        -0.01574707,
                        0.037384033,
                        0.006462097,
                        -0.028182983,
                        0.04727173,
                        0.02468872,
                        -0.012496948,
                        -0.052642822,
                        -0.026489258,
                        -0.008384705,
                        0.026123047,
                        -0.0027923584,
                        0.05307007,
                        -0.0036830902,
                        0.020187378,
                        0.027145386,
                        0.0028362274,
                        0.006175995,
                        0.0019836426,
                        0.0030288696,
                        -0.014831543,
                        0.008743286,
                        0.0026283264,
                        0.0124435425,
                        0.027328491,
                        0.016098022,
                        -0.045654297,
                        -0.016571045,
                        -0.00090646744,
                        0.0131073,
                        0.024246216,
                        -0.0178833,
                        -0.044952393,
                        -0.0025939941,
                        -0.0058517456,
                        -0.030349731,
                        0.0231781,
                        -0.008964539,
                        0.020202637,
                        0.010650635,
                        0.030761719,
                        -0.0038547516,
                        -0.009559631,
                        0.03225708,
                        -0.0059051514,
                        0.028884888,
                        -0.009086609,
                        -0.033966064,
                        -0.04321289,
                        -0.027069092,
                        0.02746582,
                        -0.023345947,
                        0.054229736,
                        -0.03201294,
                        0.06567383,
                        0.0050735474,
                        0.023239136,
                        0.02835083,
                        0.006954193,
                        0.005016327,
                        0.0077056885,
                        -0.020721436,
                        0.022842407,
                        0.018844604,
                        -0.006023407,
                        -0.023910522,
                        0.0075416565,
                        0.012329102,
                        0.02168274,
                        0.046875,
                        0.053985596,
                        -0.029464722,
                        -0.012496948,
                        -0.043029785,
                        0.047576904,
                        -0.03704834,
                        -0.03616333,
                        -0.011802673,
                        -0.040100098,
                        0.017532349,
                        0.003112793,
                        -0.00182724,
                        -0.03201294,
                        -0.016998291,
                        -0.008728027,
                        0.027008057,
                        0.009773254,
                        0.027130127,
                        0.009628296,
                        -0.045715332,
                        0.0064468384,
                        0.03930664,
                        0.06677246,
                        0.07623291,
                        0.079711914,
                        -0.01234436,
                        -0.010429382,
                        0.012214661,
                        0.00548172,
                        0.0017433167,
                        0.011665344,
                        -0.004863739,
                        -0.047851562,
                        -0.021713257,
                        0.018798828,
                        0.013267517,
                        -0.030914307,
                        -0.030883789,
                        0.035095215,
                        -0.002494812,
                        -0.014953613,
                        -0.00014972687,
                        -0.010559082,
                        -0.016052246,
                        0.06677246,
                        0.015602112,
                        -0.01663208,
                        -0.022476196,
                        -0.006034851,
                        0.027053833,
                        -0.006664276,
                        0.04449463,
                        -0.0043754578,
                        -0.07824707,
                        -0.0019006729,
                        -0.015365601,
                        0.02128601,
                        0.009407043,
                        0.0262146,
                        -0.037261963,
                        0.01058197,
                        -0.037719727,
                        -0.053131104,
                        -0.046203613,
                        -0.010406494,
                        0.017471313,
                        -0.028137207,
                        0.009284973,
                        -0.009674072,
                        -0.02432251,
                        -0.0138168335,
                        -0.00844574,
                        -0.009140015,
                        0.046844482,
                        0.012420654,
                        -0.023391724,
                        0.029708862,
                        -0.012954712,
                        0.018722534,
                        0.015899658,
                        -0.02558899,
                        0.021835327,
                        -0.00017547607,
                        -0.04675293,
                        0.020874023,
                        -0.015411377,
                        0.028152466,
                        -0.012649536,
                        0.054748535,
                        -0.0440979,
                        0.0021419525,
                        0.008872986,
                        0.038757324,
                        0.015342712,
                        0.018569946,
                        0.017547607,
                        0.14147949,
                        0.015777588,
                        0.02192688,
                        0.0028514862,
                        -0.009155273,
                        0.04257202,
                        -0.047668457,
                        0.02154541,
                        -0.008384705,
                        0.005569458,
                        0.023208618,
                        0.009742737,
                        0.029907227,
                        -0.009124756,
                        0.013214111,
                        0.0031585693,
                        -0.008666992,
                        -0.00009256601,
                        -0.025299072,
                        -0.016647339,
                        0.026412964,
                        0.01222229,
                        -0.029571533,
                        0.020599365,
                        -0.030899048,
                        0.0057144165,
                        -0.00554657,
                        -0.06512451,
                        0.011413574,
                        -0.031082153,
                        -0.05166626,
                        -0.05529785,
                        -0.0023727417
                    ],
                    "context": "Jazz is a musical genre that originated in the African-American communities of New Orleans in the 19th century. By the 20th century, jazz was recognized as a significant form of musical expression and became popular worldwide. Jazz has its roots in European harmony and African rhythmic rituals and is characterized by swing and blue notes, complex chords, call-and-response vocals, polyrhythms, and improvisation. Jazz has played a significant role in shaping American culture and continues to be a popular and influential genre of music. \n\nWould you like to know more about the history of jazz?"
                }
            }
        ]
    }
}