{
    "openapi": "3.0.0",
    "info": {
        "title": "GenerativeAI",
        "version": "1.0.0"
    },
    "servers": [
        {
            "url": "vb-catalog://backends/GenerativeAI",
            "description": "GenerativeAI"
        }
    ],
    "paths": {
        "/20231130/actions/embedText": {
            "post": {
                "operationId": "get20231130ActionsEmbedText",
                "requestBody": {
                    "content": {
                        "application/json": {
                            "schema": {
                                "$ref": "#/components/schemas/Post20231130ActionsEmbedTextRequest"
                            },
                            "examples": {
                                "vb": {
                                    "externalValue": "./examples/get20231130ActionsEmbedText/request_application_json_vb.json"
                                }
                            }
                        }
                    }
                },
                "responses": {
                    "default": {
                        "description": "Response for default",
                        "content": {
                            "application/json": {
                                "schema": {
                                    "$ref": "#/components/schemas/Post20231130ActionsEmbedTextResponse"
                                },
                                "examples": {
                                    "vb": {
                                        "summary": "Example stored by VB User",
                                        "externalValue": "./examples/get20231130ActionsEmbedText/response_default_application_json_vb.json"
                                    }
                                }
                            }
                        }
                    }
                },
                "x-vb": {
                    "actionHint": "create"
                }
            }
        }
    },
    "components": {
        "schemas": {
            "Post20231130ActionsEmbedTextRequest": {
                "type": "object",
                "properties": {
                    "inputs": {
                        "type": "array",
                        "items": {
                            "type": "string"
                        }
                    },
                    "servingMode": {
                        "type": "object",
                        "properties": {
                            "servingType": {
                                "type": "string"
                            },
                            "modelId": {
                                "type": "string"
                            }
                        }
                    },
                    "truncate": {
                        "type": "string"
                    },
                    "compartmentId": {
                        "type": "string"
                    }
                }
            },
            "Post20231130ActionsEmbedTextResponse": {
                "type": "object",
                "properties": {
                    "id": {
                        "type": "string"
                    },
                    "embeddings": {
                        "type": "array",
                        "items": {
                            "type": "array",
                            "items": {
                                "type": "integer"
                            }
                        }
                    },
                    "modelId": {
                        "type": "string"
                    },
                    "modelVersion": {
                        "type": "string"
                    }
                }
            }
        }
    }
}