{
    "openapi": "3.0.0",
    "info": {
        "title": "GenerativeAI",
        "version": "1.0.0"
    },
    "servers": [
        {
            "url": "vb-catalog://backends/GenerativeAI",
            "description": "GenerativeAI"
        }
    ],
    "paths": {
        "/20231130/actions/chat": {
            "post": {
                "operationId": "generateText",
                "requestBody": {
                    "content": {
                        "application/json": {
                            "schema": {
                                "$ref": "#/components/schemas/Post20231130ActionsGenerateTextRequest"
                            },
                            "examples": {
                                "vb": {
                                    "externalValue": "./examples/generateText/request_application_json_vb.json"
                                }
                            }
                        }
                    }
                },
                "responses": {
                    "default": {
                        "description": "Response for default",
                        "content": {
                            "application/json": {
                                "schema": {
                                    "$ref": "#/components/schemas/Post20231130ActionsGenerateTextResponse"
                                },
                                "examples": {
                                    "vb": {
                                        "summary": "Example stored by VB User",
                                        "externalValue": "./examples/generateText/response_default_application_json_vb.json"
                                    }
                                }
                            }
                        }
                    }
                },
                "x-vb": {
                    "actionHint": "create"
                }
            }
        }
    },
    "components": {
        "schemas": {
            "Post20231130ActionsGenerateTextRequest": {
                "type": "object",
                "properties": {

                    "compartmentId": {
                        "type": "string"
                    },
                    "servingMode": {
                        "type": "object",
                        "properties": {
                            "modelId": {
                                "type": "string"
                            },
                            "servingType": {
                                "type": "string"
                            }
                        }
                    },
                    "chatRequest": {
                        "type": "object",
                        "properties": {
                            "maxTokens": {
                                "type": "integer"
                            },
                            "temperature": {
                                "type": "number"
                            },
                            "preambleOverride": {
                                "type": "string"
                            },
                            "frequencyPenalty": {
                                "type": "integer"
                            },
                            "presencePenalty": {
                                "type": "integer"
                            },
                            "topP": {
                                "type": "number"
                            },
                            "topK": {
                                "type": "integer"
                            },
                            "isStream": {
                                "type": "boolean"
                            },
                            "chatHistory": {
                                "type": "array",
                                "items": {}
                            },
                            "message": {
                                "type": "string"
                            },
                            "apiFormat": {
                                "type": "string"
                            }
                        }
                    }
                }
            },
            "Post20231130ActionsGenerateTextResponse": {
                "type": "object",
                "properties": {

                    "modelId": {
                        "type": "string"
                    },
                    "modelVersion": {
                        "type": "string"
                    },
                    "inferenceResponse": {
                        "type": "object",
                        "properties": {
                            "runtimeType": {
                                "type": "string"
                            },
                            "generatedTexts": {
                                "type": "array",
                                "items": {
                                    "type": "object",
                                    "properties": {
                                        "id": {
                                            "type": "string"
                                        },
                                        "text": {
                                            "type": "string"
                                        }
                                    }
                                }
                            },
                            "timeCreated": {
                                "type": "string"
                            }
                        }
                    }
                }
            }
        }
    }
}