{
    "openapi": "3.0.0",
    "info": {
        "title": "search",
        "version": "1.0.0",
        "x-vb": {}
    },
    "servers": [
        {
            "url": "https://h4phngy7swgmrg5b4nhpqrrwqi.apigateway.eu-frankfurt-1.oci.customer-oci.com",
            "description": "Api",
            "x-vb": {
                "anonymousAccess": true,
                "forceProxy": "always"
            }
        }
    ],
    "paths": {
        "/oic/search": {
            "get": {
                "operationId": "search",
                "parameters": [
                    {
                        "name": "q",
                        "in": "query",
                        "schema": {
                            "type": "string"
                        },
                        "x-vb": {
                            "defaultValue": "test"
                        }
                    }
                ],
                "responses": {
                    "default": {
                        "description": "Response for default",
                        "content": {
                            "application/json": {
                                "schema": {
                                    "$ref": "#/components/schemas/GetOicSearch"
                                },
                                "examples": {
                                    "vb": {
                                        "summary": "Example stored by VB User",
                                        "externalValue": "./examples/search/response_default_application_json_vb.json"
                                    }
                                }
                            }
                        }
                    }
                },
                "x-vb": {
                    "queryParameters": {
                        "pretty": "",
                        "size": "30"
                    },
                    "actionHint": "getMany"
                }
            },
            "post": {
                "operationId": "semanticSearch",
                "requestBody": {
                    "content": {
                        "application/json": {
                            "schema": {
                                "$ref": "#/components/schemas/PostOicSearchRequest"
                            },
                            "examples": {
                                "vb": {
                                    "externalValue": "./examples/semanticSearch/request_application_json_vb.json"
                                }
                            }
                        }
                    }
                },
                "responses": {
                    "default": {
                        "description": "Response for default",
                        "content": {
                            "application/json": {
                                "schema": {
                                    "$ref": "#/components/schemas/PostOicSearchResponse"
                                },
                                "examples": {
                                    "vb": {
                                        "summary": "Example stored by VB User",
                                        "externalValue": "./examples/semanticSearch/response_default_application_json_vb.json"
                                    }
                                }
                            }
                        }
                    }
                },
                "x-vb": {
                    "actionHint": "create"
                }
            }
        }
    },
    "components": {
        "schemas": {
            "GetSearch": {
                "type": "object",
                "properties": {
                    "took": {
                        "type": "integer"
                    },
                    "timed_out": {
                        "type": "boolean"
                    },
                    "_shards": {
                        "type": "object",
                        "properties": {
                            "total": {
                                "type": "integer"
                            },
                            "successful": {
                                "type": "integer"
                            },
                            "skipped": {
                                "type": "integer"
                            },
                            "failed": {
                                "type": "integer"
                            }
                        }
                    },
                    "hits": {
                        "type": "object",
                        "properties": {
                            "total": {
                                "type": "object",
                                "properties": {
                                    "value": {
                                        "type": "integer"
                                    },
                                    "relation": {
                                        "type": "string"
                                    }
                                }
                            },
                            "max_score": {
                                "type": "number"
                            },
                            "hits": {
                                "type": "array",
                                "items": {
                                    "type": "object",
                                    "properties": {
                                        "_index": {
                                            "type": "string"
                                        },
                                        "_type": {
                                            "type": "string"
                                        },
                                        "_id": {
                                            "type": "string"
                                        },
                                        "_score": {
                                            "type": "number"
                                        },
                                        "_source": {
                                            "type": "object",
                                            "properties": {
                                                "id": {
                                                    "type": "integer"
                                                },
                                                "title": {
                                                    "type": "string"
                                                },
                                                "category": {
                                                    "type": "string"
                                                },
                                                "url": {
                                                    "type": "string"
                                                },
                                                "text": {
                                                    "type": "string"
                                                }
                                            }
                                        }
                                    }
                                }
                            }
                        }
                    }
                }
            },
            "GetSearch2": {
                "type": "object",
                "properties": {
                    "took": {
                        "type": "integer"
                    },
                    "timed_out": {
                        "type": "boolean"
                    },
                    "_shards": {
                        "type": "object",
                        "properties": {
                            "total": {
                                "type": "integer"
                            },
                            "successful": {
                                "type": "integer"
                            },
                            "skipped": {
                                "type": "integer"
                            },
                            "failed": {
                                "type": "integer"
                            }
                        }
                    },
                    "hits": {
                        "type": "object",
                        "properties": {
                            "total": {
                                "type": "object",
                                "properties": {
                                    "value": {
                                        "type": "integer"
                                    },
                                    "relation": {
                                        "type": "string"
                                    }
                                }
                            },
                            "max_score": {
                                "type": "number"
                            },
                            "hits": {
                                "type": "array",
                                "items": {
                                    "type": "object",
                                    "properties": {
                                        "_index": {
                                            "type": "string"
                                        },
                                        "_type": {
                                            "type": "string"
                                        },
                                        "_id": {
                                            "type": "string"
                                        },
                                        "_score": {
                                            "type": "number"
                                        },
                                        "_routing": {
                                            "type": "string"
                                        },
                                        "_source": {
                                            "type": "object",
                                            "properties": {
                                                "creators": {
                                                    "type": "string"
                                                },
                                                "created": {
                                                    "type": "string"
                                                },
                                                "mime": {
                                                    "type": "string"
                                                },
                                                "length": {
                                                    "type": "string"
                                                },
                                                "embedded_depth": {
                                                    "type": "string"
                                                },
                                                "title": {
                                                    "type": "string"
                                                },
                                                "resource_name": {
                                                    "type": "string"
                                                },
                                                "content": {
                                                    "type": "string"
                                                },
                                                "relation_type": {
                                                    "type": "string"
                                                }

                                            }
                                        }
                                    }
                                }
                            }
                        }
                    }
                }
            },
            "GetOicSearch": {
                "type": "object",
                "properties": {
                    "took": {
                        "type": "integer"
                    },
                    "timed_out": {
                        "type": "boolean"
                    },
                    "_shards": {
                        "type": "object",
                        "properties": {
                            "total": {
                                "type": "integer"
                            },
                            "successful": {
                                "type": "integer"
                            },
                            "skipped": {
                                "type": "integer"
                            },
                            "failed": {
                                "type": "integer"
                            }
                        }
                    },
                    "hits": {
                        "type": "object",
                        "properties": {
                            "total": {
                                "type": "object",
                                "properties": {
                                    "value": {
                                        "type": "integer"
                                    },
                                    "relation": {
                                        "type": "string"
                                    }
                                }
                            },
                            "max_score": {
                                "type": "number"
                            },
                            "hits": {
                                "type": "array",
                                "items": {
                                    "type": "object",
                                    "properties": {
                                        "_index": {
                                            "type": "string"
                                        },
                                        "_id": {
                                            "type": "string"
                                        },
                                        "_score": {
                                            "type": "number"
                                        },
                                        "_source": {
                                            "type": "object",
                                            "properties": {
                                                "date": {
                                                    "type": "string"
                                                },
                                                "applicationName": {
                                                    "type": "string"
                                                },
                                                "modified": {
                                                    "type": "string"
                                                },
                                                "contentType": {
                                                    "type": "string"
                                                },
                                                "parsedBy": {
                                                    "type": "string"
                                                },
                                                "creationDate": {
                                                    "type": "string"
                                                },
                                                "author": {
                                                    "type": "string"
                                                },
                                                "publisher": {
                                                    "type": "string"
                                                },
                                                "content": {
                                                    "type": "string"
                                                },
                                                "translation": {
                                                    "type": "string"
                                                },
                                                "other1": {
                                                    "type": "string"
                                                },
                                                "other2": {
                                                    "type": "string"
                                                },
                                                "other3": {
                                                    "type": "string"
                                                },
                                                "page": {
                                                    "type": "string"
                                                },
                                                "filename": {
                                                    "type": "string"
                                                },
                                                "path": {
                                                    "type": "string"
                                                },
                                                "region": {
                                                    "type": "string"
                                                },
                                                "cohere_embed": {
                                                    "type": "array",
                                                    "items": {
                                                        "type": "integer"
                                                    }
                                                }

                                            }
                                        }
                                    }
                                }
                            }
                        }
                    }
                }
            },
            "PostOicSearchRequest": {
                "type": "object",
                "properties": {
                    "size": {
                        "type": "integer"
                    },
                    "query": {
                        "type": "object",
                        "properties": {
                            "knn": {
                                "type": "object",
                                "properties": {
                                    "cohere_embed": {
                                        "type": "object",
                                        "properties": {
                                            "vector": {
                                                "type": "array",
                                                "items": {
                                                    "type": "integer"
                                                }
                                            },
                                            "k": {
                                                "type": "integer"
                                            }
                                        }
                                    }
                                }
                            }
                        }
                    }
                }
            },
            "PostOicSearchResponse": {
                "type": "object",
                "properties": {
                    "took": {
                        "type": "integer"
                    },
                    "timed_out": {
                        "type": "boolean"
                    },
                    "_shards": {
                        "type": "object",
                        "properties": {
                            "total": {
                                "type": "integer"
                            },
                            "successful": {
                                "type": "integer"
                            },
                            "skipped": {
                                "type": "integer"
                            },
                            "failed": {
                                "type": "integer"
                            }
                        }
                    },
                    "hits": {
                        "type": "object",
                        "properties": {
                            "total": {
                                "type": "object",
                                "properties": {
                                    "value": {
                                        "type": "integer"
                                    },
                                    "relation": {
                                        "type": "string"
                                    }
                                }
                            },
                            "max_score": {
                                "type": "integer"
                            },
                            "hits": {
                                "type": "array",
                                "items": {
                                    "type": "object",
                                    "properties": {
                                        "_index": {
                                            "type": "string"
                                        },
                                        "_id": {
                                            "type": "string"
                                        },
                                        "_score": {
                                            "type": "integer"
                                        },
                                        "_source": {
                                            "type": "object",
                                            "properties": {
                                                "date": {
                                                    "type": "string"
                                                },
                                                "applicationName": {
                                                    "type": "string"
                                                },
                                                "modified": {
                                                    "type": "string"
                                                },
                                                "contentType": {
                                                    "type": "string"
                                                },
                                                "parsedBy": {
                                                    "type": "string"
                                                },
                                                "creationDate": {
                                                    "type": "string"
                                                },
                                                "author": {
                                                    "type": "string"
                                                },
                                                "publisher": {
                                                    "type": "string"
                                                },
                                                "content": {
                                                    "type": "string"
                                                },
                                                "classification": {
                                                    "type": "string"
                                                },
                                                "other1": {
                                                    "type": "string"
                                                },
                                                "other2": {
                                                    "type": "string"
                                                },
                                                "other3": {
                                                    "type": "string"
                                                },
                                                "path": {
                                                    "type": "string"
                                                },
                                                "region": {
                                                    "type": "string"
                                                },
                                                "cohere_embed": {
                                                    "type": "array",
                                                    "items": {
                                                        "type": "integer"
                                                    }
                                                }
                                            }
                                        }
                                    }
                                }
                            }
                        }
                    }
                }
            }
        }
    }
}
