{
    "backends": {
        "GenerativeAI": {
            "description": "GenerativeAI",
            "servers": [
                {
                    "url": "https://inference.generativeai.us-chicago-1.oci.oraclecloud.com",
                    "description": "Default Server",
                    "x-vb": {
                        "authentication": {
                            "authenticated": {
                                "type": "http_signature_oci",
                                "credentials": "vb_afb9594b-5725-4724-8775-091e449f05e1"
                            }
                        },
                        "forceProxy": "always"
                    }
                }
            ]
        },
        "APIGateway": {
            "servers": [
                {
                    "url": "https://bwluemuykzeubzrcgwy2hdn4j4.apigateway.eu-frankfurt-1.oci.customer-oci.com",
                    "description": "Default Server"
                }
            ]
        }
      }
}