{
  "title": "",
  "description": "",
  "variables": {
    "backgroundColor": {
      "type": "string",
      "defaultValue": "dark-ocean"
    },
    "illustrationBackground": {
      "type": "string",
      "defaultValue": "https://static.oracle.com/cdn/fnd/gallery/2307.0.2/images/illust-welcome-banner-bg-01.png"
    },
    "illustrationForeground": {
      "type": "string",
      "defaultValue": "https://static.oracle.com/cdn/fnd/gallery/2307.0.2/images/illust-welcome-banner-fg-01.png"
    },
    "imageStretch": {
      "type": "string",
      "defaultValue": "none"
    },
    "mobileImage": {
      "type": "string",
      "defaultValue": "on"
    },
    "bucketName": {
      "type": "string"
    },
    "embedText": {
      "type": "flow:embedTextRequestType"
    },
    "embedTextResponse": {
      "type": "flow:embedTextResponseType"
    },
    "generateTextResponse": {
      "type": "flow:generateTextResponseType"
    },
    "hitTotal": {
      "type": "number",
      "defaultValue": 0
    },
    "namespace": {
      "type": "string",
      "input": "fromUrl"
    },
    "opensearchHit": {
      "type": "opensearchHitType[]"
    },
    "opensearchHitADP": {
      "type": "vb/ArrayDataProvider2",
      "defaultValue": {
        "data": "{{ $variables.opensearchHit }}"
      }
    },
    "opensearchResponse": {
      "type": "opensearchResponseType"
    },
    "originButton": {
      "type": "string"
    },
    "preAuthRequestURL": {
      "type": "string"
    },
    "ragDocument": {
      "type": "string"
    },
    "ragResponse": {
      "type": "string"
    },
    "rawSearch": {
      "type": "string"
    },
    "searchText": {
      "type": "string"
    },
    "semanticSearch": {
      "type": "flow:semanticSearchRequestType"
    },
    "testListSDP": {
      "type": "vb/ServiceDataProvider",
      "defaultValue": {
        "keyAttributes": "@value",
        "itemsPath": "items",
        "responseType": "getallTestResponse",
        "transformsContext": {
          "vb-textFilterAttributes": [
            "title"
          ]
        },
        "fetchChainId": "getall_TestFetchAction"
      }
    }

  },
  "metadata": {},
  "types": {
    "@decorators.getallTestResponse": {
      "endpoint": "getall_Test",
      "service": "businessObjects",
      "path": "response"
    },
    "@decorators.opensearchResponseType": {
      "endpoint": "search",
      "service": "opensearch",
      "path": "response"
    },
    "@decorators.searchResponse": {
      "endpoint": "search",
      "service": "opensearch",
      "path": "response"
    },
    "getallTestResponse": {
      "items": [
        {
          "title": "string"
        }
      ]
    },
    "opensearchResponseType": {
      "_shards": {
        "failed": "number",
        "skipped": "number",
        "successful": "number",
        "total": "number"
      },
      "hits": {
        "hits": [
          {
            "_id": "string",
            "_index": "string",
            "_score": "number",
            "_source": {
              "applicationName": "string",
              "author": "string",
              "content": "string",
              "contentType": "string",
              "context": "string",
              "creationDate": "string",
              "date": "string",
              "filename": "string",
              "modified": "string",
              "other1": "string",
              "other2": "string",
              "other3": "string",
              "page": "string",
              "parsedBy": "string",
              "path": "string",
              "publisher": "string",
              "region": "string",
              "translation": "string"

            },
            "_type": "string"
          }
        ],
        "max_score": "number",
        "total": {
          "relation": "string",
          "value": "number"
        }
      },
      "timed_out": "boolean",
      "took": "number"
    },
    "opensearchHitType": {
      "_id": "string",
      "_index": "string",
      "_score": "number",
      "_source": {
        "applicationName": "string",
        "author": "string",
        "content": "string",
        "contentType": "string",
        "context": "string",
        "creationDate": "string",
        "date": "string",
        "embedded_depth": "string",
        "filename": "string",
        "modified": "string",
        "other1": "string",
        "other2": "string",
        "other3": "string",
        "page": "string",
        "parsedBy": "string",
        "path": "string",
        "region": "string",
        "publisher": "string",
        "translation": "string"

      },
      "_type": "string"
    }
  },
  "eventListeners": {
    "buttonAction": {
      "chains": [
        {
          "chain": "inputSearch",
          "parameters": {
            "originButton": "semanticSearch"
          }
        }
      ]
    },
    "buttonAction2": {
      "chains": [
        {
          "chain": "inputSearch",
          "parameters": {
            "originButton": "rag"
          }
        }
      ]
    },
    "buttonAction3": {
      "chains": [
        {
          "chain": "inputSearch",
          "parameters": {
            "originButton": "generate"
          }
        }
      ]
    },
    "inputSearchValueAction": {
      "chains": [
        {
          "chain": "inputSearch",
          "parameters": {
            "itemContext": "{{$event.detail.itemContext}}",
            "value": "{{$event.detail.value}}",
            "originButton": "search"
          }
        }
      ]
    },
    "searchAction": {
      "chains": [
        {
          "chain": "inputSearch",
          "parameters": {
            "originButton": "search"
          }
        }
      ]
    }

  },
  "imports": {
    "components": {
      "oj-button": {
        "path": "ojs/ojbutton"
      },
      "oj-input-search": {
        "path": "ojs/ojinputsearch"
      },
      "oj-list-item-layout": {
        "path": "ojs/ojlistitemlayout"
      },
      "oj-list-view": {
        "path": "ojs/ojlistview"
      },
      "oj-text-area": {
        "path": "ojs/ojinputtext"
      },
      "oj-toolbar": {
        "path": "ojs/ojtoolbar"
      },
      "oj-sp-welcome-page": {
        "path": "oj-sp/welcome-page/loader"
      }

    }
  },
  "events": {}
}