{
    "backends": {
        "GenerativeAI": {
            "description": "GenerativeAI",
            "servers": [
                {
                    "url": "https://inference.generativeai.eu-frankfurt-1.oci.oraclecloud.com",
                    "description": "Default Server",
                    "x-vb": {
                        "authentication": {
                            "authenticated": {
                                "type": "http_signature_oci",
                                "credentials": "vb_d16d6fef-0e17-4036-b795-42bec7d3137a"
                            }
                        },
                        "forceProxy": "always"
                    }
                }
            ]
        },
        "APIGateway": {
            "servers": [
                {
                    "url": "https://bwluemuykzeubzrcgwy2hdn4j4.apigateway.eu-frankfurt-1.oci.customer-oci.com",
                    "description": "Default Server"
                }
            ]
        }
      }
}