{
  "component-dependencies": {
    "oj-sp": {
      "version": "2310.0.1",
      "components": {
        "welcome-page": "2310.0.1",
        "general-overview-page": "2310.0.1",
        "canvas-page": "2310.0.1",
        "dashboard-landing-page": "2310.0.1",
        "scoreboard": "2310.0.1",
        "dashboard-grid": "2310.0.1",
        "dashboard-panel": "2310.0.1",
        "section": "2310.0.1",
        "advanced-create-edit": "2310.0.1",
        "vertical-anchor-navigator": "2310.0.1",
        "message-unsaved-changes": "2310.0.1",
        "collection-detail-page": "2310.0.1",
        "collection-container": "2310.0.1",
        "list-item-template": "2310.0.1",
        "detail-panel": "2310.0.1",
        "empty-state": "2310.0.1",
        "data-management-page": "2310.0.1",
        "collection-container-advanced": "2310.0.1",
        "general-drawer-template": "2310.0.1",
        "bottom-drawer-template": "2310.0.1",
        "guided-process": "2310.0.1",
        "foldout-layout": "2310.0.1",
        "horizontal-overview": "2310.0.1",
        "foldout-panel-summarizing": "2310.0.1",
        "item-overview-page": "2310.0.1",
        "item-overview": "2310.0.1",
        "simple-create-edit": "2310.0.1",
        "smart-search-page": "2310.0.1"
      }
    },
    "oj-dynamic": {
      "version": "14.1.2",
      "components": {
        "form": "14.1.2"
      }
    }
  }
}
