{
    "took": 7,
    "timed_out": false,
    "_shards": {
        "total": 1,
        "successful": 1,
        "skipped": 0,
        "failed": 0
    },
    "hits": {
        "total": {
            "value": 2,
            "relation": "eq"
        },
        "max_score": 1,
        "hits": [
            {
                "_index": "oic",
                "_id": "neural1.docx",
                "_score": 1,
                "_source": {
                    "date": "2023-10-31T17:08:55.157Z",
                    "applicationName": "Microsoft Office Word",
                    "modified": "2023-10-31T17:08:55.157Z",
                    "contentType": "application/vnd.openxmlformats-officedocument.wordprocessingml.document",
                    "parsedBy": "org.apache.tika.parser.DefaultParser",
                    "creationDate": "2023-10-31T17:08:55.157Z",
                    "author": "Marc Gueury",
                    "publisher": "",
                    "content": "My favorite color is pink",
                    "classification": "Society and State/Religion and Belief",
                    "other1": "",
                    "other2": "",
                    "other3": "",
                    "path": "/n/fr03kzmuvhtf/b/opensearch-bucket/o/neural1.docx",
                    "region": "eu-frankfurt-1",
                    "cohere_embed": [
                        -0.40795898,
                        -0.44995117,
                        -0.46313477,
                        -0.20690918,
                        -1.6855469,
                        -0.08203125,
                        -0.15893555,
                        -0.88183594,
                        -0.9609375,
                        0.609375,
                        -1.015625,
                        0.3059082,
                        -0.59716797,
                        -0.8466797,
                        1.1572266,
                        -0.2076416,
                        -0.29663086,
                        -1.3378906,
                        -0.17102051,
                        -0.73828125,
                        1.8144531,
                        2.1074219,
                        0.70654297,
                        -0.23571777,
                        -2.5488281,
                        2.7558594,
                        8.6953125,
                        0.79003906,
                        -0.3449707,
                        2.4375,
                        -1.0996094,
                        0.5263672,
                        0.96533203,
                        -0.56103516,
                        -0.19445801,
                        -0.65283203,
                        -2.3925781,
                        -1.5107422,
                        -0.83447266,
                        -0.51220703,
                        -0.38134766,
                        -0.82373047,
                        -0.80859375,
                        0.97314453,
                        -0.21606445,
                        0.74853516,
                        -2.4882812,
                        -0.5126953,
                        -0.83203125,
                        -0.8383789,
                        -1.2939453,
                        -1.0273438,
                        -1.8037109,
                        -0.41357422,
                        -0.41845703,
                        0.30200195,
                        0.66796875,
                        -1.2841797,
                        -1.4755859,
                        0.78027344,
                        1.1787109,
                        -0.13549805,
                        -0.40795898,
                        -2.4960938,
                        0.44458008,
                        -1.2714844,
                        -1.1494141,
                        0.8022461,
                        0.52246094,
                        -0.044677734,
                        0.11828613,
                        1.2021484,
                        0.64990234,
                        -0.80322266,
                        1.7265625,
                        -1.3935547,
                        -2.6601562,
                        0.44262695,
                        0.70751953,
                        -2.375,
                        1.8232422,
                        -0.017227173,
                        -0.19958496,
                        -1.4160156,
                        -0.16577148,
                        1.3955078,
                        0.5463867,
                        0.5751953,
                        0.9111328,
                        -0.3671875,
                        0.6669922,
                        0.18151855,
                        -1.9013672,
                        -7.5429688,
                        1.6962891,
                        -0.030838013,
                        -1.4160156,
                        1.578125,
                        -1.4189453,
                        2.4355469,
                        2.3613281,
                        1.4990234,
                        0.41552734,
                        0.54248047,
                        -1.7441406,
                        -0.23864746,
                        1.6162109,
                        0.38671875,
                        -0.8833008,
                        -1.9355469,
                        -1.015625,
                        0.72558594,
                        -1.2089844,
                        0.5107422,
                        1.3583984,
                        2.6972656,
                        2.5976562,
                        -0.48291016,
                        0.6147461,
                        -2.0898438,
                        1.1103516,
                        0.08331299,
                        0.10076904,
                        0.7944336,
                        1.515625,
                        0.38208008,
                        0.828125,
                        1.0742188,
                        0.23046875,
                        1.5673828,
                        -0.4050293,
                        0.85058594,
                        -3.1523438,
                        0.46313477,
                        0.1194458,
                        -0.13842773,
                        3.0097656,
                        -0.23278809,
                        2.2285156,
                        -1.5283203,
                        -2.7597656,
                        0.71533203,
                        1.0771484,
                        -1.8505859,
                        0.17773438,
                        1.1611328,
                        0.73291016,
                        -0.43579102,
                        -1.2675781,
                        -0.63964844,
                        2.4667969,
                        -0.93847656,
                        0.044647217,
                        -0.42773438,
                        -1.3115234,
                        -0.18725586,
                        -2.8652344,
                        1.3447266,
                        0.9453125,
                        -1.3974609,
                        -0.85253906,
                        2.2480469,
                        -0.7651367,
                        -0.96972656,
                        0.5517578,
                        -0.41674805,
                        -0.87597656,
                        -0.2902832,
                        -0.9848633,
                        -1.7011719,
                        -1.8076172,
                        2.1152344,
                        0.13427734,
                        -0.38476562,
                        -0.109680176,
                        0.56347656,
                        0.7939453,
                        0.54296875,
                        -0.9423828,
                        -0.65625,
                        -0.2746582,
                        0.84375,
                        0.81933594,
                        0.5810547,
                        2.0058594,
                        1.1933594,
                        -0.023513794,
                        -1.7480469,
                        -0.24377441,
                        1.4667969,
                        3.59375,
                        -1.203125,
                        -0.72753906,
                        3.2773438,
                        2.4042969,
                        0.13024902,
                        3.3027344,
                        -0.89453125,
                        1.9443359,
                        -0.66552734,
                        -0.020584106,
                        0.87939453,
                        0.25512695,
                        -2.3222656,
                        -0.23962402,
                        2.4628906,
                        -0.59277344,
                        1.3154297,
                        -1.8378906,
                        -1.0136719,
                        0.8383789,
                        1.4755859,
                        0.515625,
                        0.113342285,
                        1.0214844,
                        -0.17614746,
                        -0.35864258,
                        1.2626953,
                        0.98828125,
                        0.69970703,
                        -2.1542969,
                        0.6982422,
                        0.4724121,
                        0.50146484,
                        -0.30200195,
                        0.57666016,
                        -1.3349609,
                        0.46655273,
                        1.6279297,
                        -3.8164062,
                        2.3613281,
                        0.82128906,
                        -0.016601562,
                        -0.12756348,
                        0.82666016,
                        -0.12927246,
                        1.7412109,
                        0.6591797,
                        0.7060547,
                        -1.3759766,
                        -1.0634766,
                        -0.6069336,
                        1.7167969,
                        -0.59375,
                        0.32836914,
                        2.6113281,
                        -1.4638672,
                        -1.1972656,
                        -1.1904297,
                        2.296875,
                        1.9287109,
                        0.08514404,
                        -0.81152344,
                        1.7802734,
                        0.64697266,
                        0.09436035,
                        0.81347656,
                        0.014892578,
                        0.7578125,
                        -3.0039062,
                        0.22827148,
                        -1.2949219,
                        0.88623047,
                        2.8476562,
                        1.6494141,
                        -0.32885742,
                        0.4099121,
                        1.0517578,
                        -2.96875,
                        -0.5493164,
                        3.5644531,
                        0.40576172,
                        -0.421875,
                        -1.0888672,
                        -0.49047852,
                        0.76660156,
                        0.32983398,
                        1.8837891,
                        0.69433594,
                        -0.57910156,
                        -0.95654297,
                        -1.3017578,
                        -3.3066406,
                        1.3388672,
                        1.4013672,
                        -2.0878906,
                        0.6142578,
                        0.29101562,
                        0.08856201,
                        -1.4345703,
                        2.1699219,
                        3.171875,
                        -0.123413086,
                        4.4726562,
                        -2.0058594,
                        0.25170898,
                        -0.25952148,
                        -0.14819336,
                        0.91748047,
                        -1.6621094,
                        -2.9707031,
                        1.5302734,
                        1.3134766,
                        -1.2558594,
                        2.0429688,
                        -1.4990234,
                        -0.9633789,
                        0.85498047,
                        -1.7910156,
                        -3.5019531,
                        -0.35424805,
                        0.7451172,
                        -0.016738892,
                        -1.1474609,
                        0.5756836,
                        -0.19763184,
                        -2.1425781,
                        -0.09362793,
                        -0.63916016,
                        0.7241211,
                        1.7890625,
                        -0.80566406,
                        2.2480469,
                        0.2836914,
                        1.5791016,
                        -2.1152344,
                        -2.1386719,
                        0.21313477,
                        0.5541992,
                        0.12536621,
                        0.18127441,
                        0.734375,
                        -1.0576172,
                        -0.80859375,
                        -2.6523438,
                        0.5605469,
                        -0.9741211,
                        -1.7412109,
                        0.80322266,
                        1.3876953,
                        -1.4599609,
                        -0.44311523,
                        -1.2353516,
                        2.4726562,
                        3.1894531,
                        -2.8222656,
                        -0.34545898,
                        1.4541016,
                        1.4169922,
                        -1.234375,
                        1.3818359,
                        -0.12890625,
                        0.08483887,
                        -0.9272461,
                        0.5566406,
                        -0.57470703,
                        -0.6044922,
                        -0.13305664,
                        0.19030762,
                        0.5834961,
                        -0.24743652,
                        -3.3339844,
                        -0.7685547,
                        -2.0957031,
                        -0.37670898,
                        0.105529785,
                        2.375,
                        0.10797119,
                        -2.3398438,
                        -3.0820312,
                        -1.0205078,
                        0.62060547,
                        0.92333984,
                        0.87060547,
                        -0.06561279,
                        2.2070312,
                        0.6166992,
                        -1.1337891,
                        0.99902344,
                        -0.24206543,
                        -0.34301758,
                        0.78027344,
                        2.6679688,
                        1.0400391,
                        -1.3886719,
                        2.2382812,
                        1.1113281,
                        2.4433594,
                        1.5615234,
                        -0.98876953,
                        2.8339844,
                        1.9375,
                        -1.1855469,
                        -1.9355469,
                        1.96875,
                        0.19604492,
                        0.109069824,
                        1.0058594,
                        -1.1953125,
                        1.1904297,
                        0.421875,
                        2.765625,
                        -0.89990234,
                        -0.47216797,
                        -0.058044434,
                        -0.66845703,
                        2.7207031,
                        -0.49804688,
                        -0.51171875,
                        0.2944336,
                        2.3496094,
                        -0.79296875,
                        -0.16687012,
                        0.103393555,
                        0.7553711,
                        -1.2314453,
                        0.6767578,
                        -2.7636719,
                        0.23852539,
                        0.31835938,
                        1.2822266,
                        0.80126953,
                        -0.004814148,
                        -1.2177734,
                        -0.5493164,
                        -0.9555664,
                        0.35498047,
                        0.89404297,
                        2.3730469,
                        -1.2011719,
                        0.06726074,
                        -0.14807129,
                        -0.007987976,
                        1.8544922,
                        -1.1230469,
                        1.1289062,
                        -1.6796875,
                        2.3925781,
                        -0.6225586,
                        -0.8413086,
                        2.1894531,
                        1.359375,
                        0.7294922,
                        0.55322266,
                        -0.47583008,
                        0.060760498,
                        0.7895508,
                        -2.5273438,
                        -2.4238281,
                        -0.72265625,
                        -0.30639648,
                        1.3105469,
                        1.0595703,
                        -1.0029297,
                        -1.2480469,
                        1.2265625,
                        4.1953125,
                        0.8876953,
                        -0.6064453,
                        1.8427734,
                        -0.49072266,
                        -1.0126953,
                        -0.24707031,
                        0.65966797,
                        -0.97314453,
                        1.1738281,
                        -0.14929199,
                        -0.023849487,
                        2.7949219,
                        0.016326904,
                        -0.4584961,
                        0.83251953,
                        -0.5546875,
                        0.26489258,
                        -0.92822266,
                        -2.7597656,
                        -0.18713379,
                        0.87890625,
                        1.3417969,
                        0.6147461,
                        -1.0800781,
                        3.3789062,
                        -2.0371094,
                        0.7446289,
                        -2.4667969,
                        0.70751953,
                        0.6879883,
                        0.38598633,
                        -0.069885254,
                        -0.79003906,
                        0.46801758,
                        -2.0839844,
                        -0.66845703,
                        -1.2919922,
                        1.2753906,
                        -0.34375,
                        0.40893555,
                        -0.4284668,
                        -0.69189453,
                        -2.0917969,
                        0.060699463,
                        1.8837891,
                        -0.6015625,
                        -1.3457031,
                        1.9238281,
                        -0.5859375,
                        -0.45898438,
                        0.82910156,
                        -1.0859375,
                        -1.0136719,
                        -1.8935547,
                        -1.5478516,
                        2.2519531,
                        -1.3261719,
                        0.6459961,
                        -0.43432617,
                        0.3005371,
                        0.97753906,
                        -1.0634766,
                        0.7392578,
                        -1.8818359,
                        -1.0029297,
                        0.17956543,
                        -0.93408203,
                        -0.013809204,
                        1.7783203,
                        2.5351562,
                        1.3115234,
                        -1.2373047,
                        0.21313477,
                        -0.72802734,
                        0.4465332,
                        -0.94677734,
                        0.95703125,
                        1.1455078,
                        1.2001953,
                        -1.5791016,
                        0.57910156,
                        0.57373047,
                        -1.3955078,
                        -0.13757324,
                        -0.26757812,
                        -0.28344727,
                        -0.009902954,
                        0.55615234,
                        0.94970703,
                        -0.19470215,
                        -0.5131836,
                        1.1015625,
                        -0.67626953,
                        1.2744141,
                        0.51464844,
                        1.7724609,
                        2.7460938,
                        0.67285156,
                        -0.91259766,
                        -1.7431641,
                        0.65771484,
                        0.68652344,
                        -1.2246094,
                        1.6259766,
                        -1.1845703,
                        -0.11395264,
                        -1.6347656,
                        0.70166016,
                        -0.03933716,
                        -0.75878906,
                        -1.3154297,
                        -1.9921875,
                        0.58447266,
                        -2.2832031,
                        -0.81152344,
                        0.21569824,
                        -1.6650391,
                        -0.02722168,
                        -0.87646484,
                        1.0751953,
                        -0.4921875,
                        -1.5087891,
                        1.1015625,
                        1.0927734,
                        -1.5146484,
                        0.73339844,
                        -2.1933594,
                        0.99853516,
                        2.0605469,
                        -0.96777344,
                        0.5932617,
                        0.40844727,
                        -1.2158203,
                        -1.2636719,
                        -0.29736328,
                        0.48168945,
                        -0.8598633,
                        1.0185547,
                        -1.6894531,
                        -0.18884277,
                        -0.12866211,
                        0.3713379,
                        -0.32421875,
                        -0.16308594,
                        0.78808594,
                        0.06866455,
                        0.359375,
                        -2.1757812,
                        -1.8027344,
                        -0.5810547,
                        -1.65625,
                        0.42041016,
                        1.0029297,
                        2.0136719,
                        0.47314453,
                        -0.6147461,
                        -2.8652344,
                        -0.26708984,
                        0.0057907104,
                        0.2734375,
                        0.033721924,
                        -1.3261719,
                        0.13574219,
                        1.5048828,
                        -3.6660156,
                        1.8056641,
                        0.94433594,
                        0.24768066,
                        0.11340332,
                        -0.65771484,
                        0.33764648,
                        0.32641602,
                        1.1513672,
                        1.0136719,
                        -0.30615234,
                        2.1035156,
                        2.125,
                        -0.48120117,
                        -2.2167969,
                        4.28125,
                        1.1367188,
                        3.1113281,
                        -0.95947266,
                        -2.2714844,
                        3.3222656,
                        0.7314453,
                        -2.1445312,
                        0.5366211,
                        -0.54785156,
                        0.19897461,
                        -1.71875,
                        -1.0888672,
                        0.33422852,
                        -0.18457031,
                        -0.33862305,
                        1.1660156,
                        -0.78759766,
                        0.061431885,
                        0.8310547,
                        1.0205078,
                        0.60009766,
                        0.06311035,
                        0.75341797,
                        0.53564453,
                        2.3027344,
                        1.5126953,
                        -0.24182129,
                        0.113098145,
                        -1.5361328,
                        -0.28295898,
                        -0.5595703,
                        0.8154297,
                        -0.5605469,
                        -0.16772461,
                        -1.3076172,
                        -0.82128906,
                        1.8935547,
                        0.6977539,
                        -0.53564453,
                        1.8388672,
                        -1.5830078,
                        -3.1308594,
                        -0.08331299,
                        1.0605469,
                        -0.22949219,
                        0.99560547,
                        -0.88916016,
                        -1.5869141,
                        -1.4990234,
                        -0.89746094,
                        0.92089844,
                        -0.55126953,
                        0.9423828,
                        -1.1123047,
                        -2.0449219,
                        -0.16821289,
                        -1.3701172,
                        -0.9116211,
                        -1.4658203,
                        -1.4873047,
                        -0.5161133,
                        0.8486328,
                        0.28149414,
                        -0.35107422,
                        0.05609131,
                        0.7944336,
                        2.3085938,
                        2.1816406,
                        1.4902344,
                        0.36791992,
                        2.484375,
                        -0.22253418,
                        -0.29541016,
                        1.5546875,
                        -2.1582031,
                        -1.5292969,
                        -1.0361328,
                        -2.2714844,
                        -0.4260254,
                        -0.17700195,
                        -0.97802734,
                        1.6425781,
                        3.3710938,
                        1.3691406,
                        1.6357422,
                        0.3696289,
                        0.6435547,
                        -0.4477539,
                        -0.7788086,
                        -0.24084473,
                        2.2285156,
                        0.53271484,
                        0.49536133,
                        1.5625,
                        0.86572266,
                        -0.5107422,
                        -0.120788574,
                        -0.27197266,
                        -0.5371094,
                        0.105651855,
                        -0.8803711,
                        1.90625,
                        -1.6044922,
                        2.421875,
                        1.1152344,
                        -0.011024475,
                        1.859375,
                        -1.6943359,
                        2.625,
                        -3.0957031,
                        -0.94970703,
                        0.0046043396,
                        -2.4394531,
                        0.953125,
                        -0.6020508,
                        0.98339844,
                        -0.5209961,
                        -1.2480469,
                        4.7773438,
                        -2.1152344,
                        1.2802734,
                        -1.0751953,
                        -1.1035156,
                        -1.0908203,
                        -0.7963867,
                        0.66015625,
                        1.7646484,
                        2.2792969,
                        0.43481445,
                        -1.3701172,
                        -1.5371094,
                        -0.7709961,
                        -1.5927734,
                        -0.5708008,
                        -1.0380859,
                        -1.8232422,
                        -1.8525391,
                        0.025009155,
                        -2.2539062,
                        0.64746094,
                        0.39575195,
                        0.85595703,
                        3.5351562,
                        1.59375,
                        -1.2587891,
                        -0.5595703,
                        0.18334961,
                        2.0761719,
                        0.21679688,
                        -0.005092621,
                        -1.7578125,
                        0.7265625,
                        1.3427734,
                        0.63378906,
                        0.35986328,
                        1.109375,
                        -0.5029297,
                        -1.3173828,
                        -0.234375,
                        -0.62402344,
                        -0.072387695,
                        -0.062286377,
                        0.07366943,
                        0.6196289,
                        1.3662109,
                        -0.014022827,
                        -0.8227539,
                        -2.7460938,
                        0.9765625,
                        -0.20727539,
                        0.16772461,
                        -1.4775391,
                        -0.12261963,
                        1.3935547,
                        0.5463867,
                        -1.1279297,
                        0.98535156,
                        1.1298828,
                        0.08288574,
                        -0.71240234,
                        1.9160156,
                        -0.2076416,
                        0.31030273,
                        -1.0332031,
                        0.8227539,
                        0.27001953,
                        1.7724609,
                        1.8808594,
                        -0.52246094,
                        -0.8276367,
                        0.24780273,
                        1.390625,
                        0.54003906,
                        -0.15429688,
                        -1.1591797,
                        -0.640625,
                        -0.27539062,
                        -0.4465332,
                        -1.1074219,
                        2.0507812,
                        0.28466797,
                        1.0683594,
                        -0.44970703,
                        0.328125,
                        1.5234375,
                        1.6269531,
                        0.35595703,
                        1.4375,
                        1.2832031,
                        -2.3007812,
                        -0.24804688,
                        1.1904297,
                        -1.4277344,
                        1.8212891,
                        0.4465332,
                        -1.1845703,
                        -1.3388672,
                        1.4755859,
                        1.3408203,
                        0.08441162,
                        -0.23620605,
                        1.1240234,
                        0.21154785,
                        2.3730469,
                        -0.7866211,
                        0.93847656,
                        4.3632812,
                        -1.0361328,
                        -0.20153809,
                        0.2788086,
                        -0.11608887,
                        -1.5,
                        -1.2607422,
                        -1.9785156,
                        -1.0400391,
                        0.48486328,
                        0.74316406,
                        0.6274414,
                        -0.1451416,
                        0.64697266,
                        1.5800781,
                        -2.21875,
                        -2.7285156,
                        1.1279297,
                        0.09246826,
                        -0.41235352,
                        0.26293945,
                        -0.70654297,
                        0.44750977,
                        -1.3662109,
                        -1.9550781,
                        0.9038086,
                        -0.78271484,
                        -1.9423828,
                        -0.95214844,
                        -0.97314453,
                        1.9199219,
                        1.2529297,
                        0.17553711,
                        -0.20336914,
                        1.7207031,
                        0.3449707,
                        -1.2177734,
                        -2.1992188,
                        0.03640747,
                        0.12854004,
                        -3.7167969,
                        -1.3964844,
                        0.081970215,
                        -1.2275391,
                        0.4296875,
                        0.6274414,
                        0.63720703,
                        -0.038909912,
                        -1.9746094,
                        1.7431641,
                        2.1523438,
                        3.6035156,
                        -0.13708496,
                        0.38500977,
                        0.08288574,
                        -0.027755737,
                        -1.7880859,
                        0.94873047,
                        1.0292969,
                        -0.87890625,
                        0.4309082,
                        1.3457031,
                        -0.81689453,
                        -0.09082031,
                        -0.1373291,
                        1.4892578,
                        0.22973633,
                        -0.41064453,
                        -0.66748047,
                        1.4453125,
                        -1.4580078,
                        -1.0810547,
                        3.2539062,
                        0.9067383,
                        -1.7333984,
                        -1.9765625,
                        -2.1972656,
                        0.87939453,
                        0.25024414,
                        -0.6225586,
                        0.8798828,
                        1.0615234,
                        0.53466797,
                        0.7182617,
                        -3.3613281,
                        -0.5527344,
                        0.23632812,
                        1.0214844,
                        1.1142578,
                        -1.421875,
                        0.33935547,
                        -0.045898438,
                        -0.37109375,
                        -2.2011719,
                        0.14428711,
                        -0.24829102,
                        0.5258789,
                        -0.8208008,
                        0.37524414,
                        -1.3339844,
                        -1.7792969,
                        1.5292969,
                        0.2680664,
                        0.019805908,
                        2,
                        0.38745117,
                        1.8798828,
                        -4.2148438,
                        -1.4863281,
                        -0.033050537,
                        0.36938477,
                        0.29223633,
                        -0.14733887,
                        -0.6245117,
                        -2.2460938,
                        1.46875,
                        1.375,
                        1.2099609,
                        1.2089844,
                        -1.0097656,
                        -0.014930725,
                        -0.45751953,
                        1.0566406,
                        0.13903809,
                        -1.8994141,
                        -2.2519531,
                        0.06939697,
                        -2.6132812,
                        -0.43041992,
                        -2.7070312,
                        1.1054688,
                        0.44140625,
                        1.8662109,
                        -2.4355469,
                        -1.3349609,
                        1.6767578,
                        0.23962402,
                        -0.3149414,
                        1.6611328,
                        0.42773438,
                        0.91308594,
                        -0.45263672,
                        -0.09899902,
                        -0.11004639,
                        2.3535156,
                        3.5917969,
                        0.734375,
                        2.2265625,
                        0.24438477,
                        1.4365234,
                        -0.042266846,
                        -0.62402344,
                        1.0839844,
                        -0.82910156,
                        1.0957031,
                        -0.77685547,
                        0.77783203,
                        0.96972656,
                        -0.62402344,
                        -0.79589844,
                        -2.3613281
                    ]
                }
            },
            {
                "_index": "oic",
                "_id": "neural2.docx",
                "_score": 0.0010708299,
                "_source": {
                    "date": "2023-10-31T17:08:54.856Z",
                    "applicationName": "Microsoft Office Word",
                    "modified": "2023-10-31T17:08:54.856Z",
                    "contentType": "application/vnd.openxmlformats-officedocument.wordprocessingml.document",
                    "parsedBy": "org.apache.tika.parser.DefaultParser",
                    "creationDate": "2023-10-31T17:08:54.856Z",
                    "author": "Marc Gueury",
                    "publisher": "",
                    "content": "My favorite group is Pink Floyd",
                    "classification": "Arts and Culture/Audio and Music",
                    "other1": "",
                    "other2": "",
                    "other3": "",
                    "path": "/n/fr03kzmuvhtf/b/opensearch-bucket/o/neural2.docx",
                    "region": "eu-frankfurt-1",
                    "cohere_embed": [
                        -1.3095703,
                        -1.0644531,
                        -0.9506836,
                        0.4428711,
                        -0.71484375,
                        -0.14233398,
                        -0.4951172,
                        -0.2746582,
                        -0.3466797,
                        1.4238281,
                        -0.9980469,
                        -0.5600586,
                        0.69677734,
                        1.1025391,
                        1.0488281,
                        -0.45751953,
                        -0.27172852,
                        -1.2070312,
                        0.8378906,
                        -1.2441406,
                        0.00088500977,
                        3.0566406,
                        0.8720703,
                        -0.8173828,
                        -0.7402344,
                        1.4082031,
                        7.6796875,
                        0.984375,
                        0.16625977,
                        3.1445312,
                        -0.017089844,
                        0.14990234,
                        1.1181641,
                        -0.5551758,
                        -0.11065674,
                        -0.47875977,
                        -2.6953125,
                        -0.28930664,
                        0.40283203,
                        -0.22998047,
                        -1.7568359,
                        -1.2412109,
                        -0.68115234,
                        0.6894531,
                        -1.5654297,
                        0.6855469,
                        -0.6303711,
                        2.71875,
                        0.028442383,
                        -0.9916992,
                        -0.35546875,
                        -2.3984375,
                        -0.37573242,
                        0.54345703,
                        -2.0195312,
                        -0.3623047,
                        -0.045410156,
                        0.7636719,
                        -1.0507812,
                        0.6254883,
                        1.3876953,
                        -0.72021484,
                        -1.0771484,
                        -2.9179688,
                        0.7553711,
                        -0.33618164,
                        -0.67871094,
                        1.3632812,
                        0.8388672,
                        0.2088623,
                        -0.4399414,
                        -0.0234375,
                        0.75683594,
                        -1.9404297,
                        1.7060547,
                        -1.6953125,
                        -1.0126953,
                        0.5854492,
                        -0.39379883,
                        -2.6972656,
                        1.4296875,
                        1.1337891,
                        -1.7539062,
                        -1.234375,
                        -0.5317383,
                        1.3613281,
                        0.30859375,
                        -1.6757812,
                        0.1730957,
                        -0.45532227,
                        0.4790039,
                        -1.9814453,
                        -0.8930664,
                        -8.2421875,
                        0.5390625,
                        1.7949219,
                        -1.21875,
                        0.6748047,
                        -2.9960938,
                        0.98535156,
                        0.94433594,
                        2.2070312,
                        0.61865234,
                        1.2207031,
                        -2.0449219,
                        -0.3173828,
                        2.8144531,
                        0.4194336,
                        0.061706543,
                        -1.2294922,
                        -1.4697266,
                        -0.5361328,
                        -1.1953125,
                        1.4433594,
                        -0.25561523,
                        2.3535156,
                        1.890625,
                        -0.97265625,
                        1.328125,
                        -1.2705078,
                        1.1123047,
                        0.88378906,
                        -0.050048828,
                        1.0869141,
                        0.6645508,
                        -0.53027344,
                        0.9223633,
                        0.4501953,
                        0.7783203,
                        1.2871094,
                        0.9404297,
                        -0.33447266,
                        -2.5585938,
                        -0.9003906,
                        -0.051696777,
                        0.6772461,
                        3.4375,
                        0.54589844,
                        0.86621094,
                        -1.7041016,
                        -0.36157227,
                        0.113220215,
                        0.81640625,
                        -0.35229492,
                        0.56103516,
                        0.9902344,
                        0.08068848,
                        2.1660156,
                        -1.6484375,
                        0.8535156,
                        2.4648438,
                        -0.0007019043,
                        -0.3269043,
                        -0.94873047,
                        -2.1074219,
                        -0.30004883,
                        -3.6621094,
                        0.6113281,
                        -0.41748047,
                        -1.7402344,
                        -0.64453125,
                        -0.890625,
                        -0.4206543,
                        -0.052734375,
                        -0.022216797,
                        -0.66552734,
                        -1.5859375,
                        1.8261719,
                        -1.7548828,
                        -1.9970703,
                        -0.44726562,
                        1.9619141,
                        -0.103515625,
                        -1.1367188,
                        -0.41308594,
                        0.31176758,
                        2.2539062,
                        -0.013748169,
                        -0.35766602,
                        -1.4892578,
                        0.13513184,
                        1.5068359,
                        0.37402344,
                        0.2644043,
                        3.3515625,
                        0.86376953,
                        -1.0068359,
                        -1.953125,
                        1.1992188,
                        1.3613281,
                        2.0371094,
                        -0.06707764,
                        -1.4345703,
                        3.0761719,
                        1.8134766,
                        -0.3647461,
                        2.0800781,
                        0.41552734,
                        2.7675781,
                        -0.67871094,
                        -0.2878418,
                        2.0898438,
                        0.63916016,
                        -1.8066406,
                        0.859375,
                        1.3300781,
                        -0.09753418,
                        0.38452148,
                        -1.1953125,
                        0.26660156,
                        0.9238281,
                        0.17651367,
                        0.36889648,
                        -0.6582031,
                        0.35131836,
                        -0.69921875,
                        1.5957031,
                        0.92333984,
                        0.8496094,
                        1.3154297,
                        -1.0009766,
                        0.7524414,
                        -0.47802734,
                        0.9628906,
                        -0.39013672,
                        0.44506836,
                        -0.62109375,
                        -0.10021973,
                        1.3466797,
                        -1.6621094,
                        2.0292969,
                        0.14416504,
                        -0.6464844,
                        -1.2353516,
                        0.11779785,
                        -0.20178223,
                        0.6982422,
                        -1.1806641,
                        0.107910156,
                        -2.4101562,
                        -1.2802734,
                        -0.10668945,
                        2.3710938,
                        -1.0126953,
                        0.9238281,
                        1.8203125,
                        -2.6347656,
                        -0.58496094,
                        0.42285156,
                        3.2773438,
                        1.3007812,
                        0.37475586,
                        0.29296875,
                        1.015625,
                        1.4521484,
                        0.1204834,
                        -0.06970215,
                        -0.64746094,
                        -0.5966797,
                        -1.1777344,
                        -0.64941406,
                        -0.8496094,
                        -1.0410156,
                        1.9160156,
                        1.5283203,
                        -0.1887207,
                        0.41088867,
                        0.4255371,
                        -1.0683594,
                        -0.88720703,
                        1.1337891,
                        0.7026367,
                        -1.4453125,
                        -0.953125,
                        0.9638672,
                        -0.02545166,
                        -0.7836914,
                        1.7070312,
                        0.083618164,
                        -0.2055664,
                        -1.3789062,
                        0.17687988,
                        -2.1171875,
                        -0.31640625,
                        0.24682617,
                        -0.4296875,
                        -0.103027344,
                        0.35107422,
                        -0.12817383,
                        -1.3369141,
                        0.43554688,
                        1.15625,
                        0.25341797,
                        3.7460938,
                        -0.6166992,
                        -0.59375,
                        0.453125,
                        1.0761719,
                        -0.0690918,
                        -2.2226562,
                        -1.2695312,
                        2.4980469,
                        2.9863281,
                        -1.0322266,
                        0.27490234,
                        -0.42919922,
                        -0.53515625,
                        0.28588867,
                        -1.8486328,
                        -0.46142578,
                        0.040618896,
                        -0.16027832,
                        -0.5473633,
                        0.98339844,
                        1.7255859,
                        -0.7060547,
                        -1.2919922,
                        -0.37597656,
                        0.85498047,
                        -0.91259766,
                        0.7714844,
                        -1.328125,
                        0.21374512,
                        0.03164673,
                        0.12573242,
                        -1.4863281,
                        -1.5761719,
                        -0.077819824,
                        1.3671875,
                        0.7973633,
                        -1.2148438,
                        1.2128906,
                        -1.8740234,
                        -0.27807617,
                        -1.0761719,
                        0.57714844,
                        -1.7773438,
                        -2.5898438,
                        1.2890625,
                        1.6669922,
                        -0.39282227,
                        0.609375,
                        0.54541016,
                        0.92041016,
                        2.3867188,
                        -0.55908203,
                        0.06555176,
                        1.5908203,
                        1.1640625,
                        -0.63964844,
                        1.8945312,
                        -0.59765625,
                        1.3242188,
                        -1.8378906,
                        1.0244141,
                        -0.16296387,
                        -0.7998047,
                        -0.7050781,
                        -0.7558594,
                        0.39501953,
                        0.75,
                        -1.1621094,
                        -0.57421875,
                        -2.3027344,
                        1.1708984,
                        1.6044922,
                        -0.47998047,
                        -0.053710938,
                        -0.8754883,
                        -1.6621094,
                        -0.07348633,
                        1.7421875,
                        1.5664062,
                        1.8105469,
                        0.1015625,
                        0.08300781,
                        -0.5229492,
                        -0.5859375,
                        1.5595703,
                        1.0273438,
                        0.44311523,
                        1.0419922,
                        1.3125,
                        2.921875,
                        -2.9082031,
                        1.9785156,
                        -0.8417969,
                        3.1621094,
                        0.84033203,
                        -0.36401367,
                        2.2226562,
                        0.5214844,
                        -0.8457031,
                        -0.48168945,
                        2.3808594,
                        0.9746094,
                        -0.29858398,
                        -0.033569336,
                        -0.00061035156,
                        -0.44018555,
                        0.55371094,
                        3.2539062,
                        -0.92626953,
                        -0.37719727,
                        1.4628906,
                        0.08459473,
                        3.5078125,
                        -0.08709717,
                        0.20446777,
                        0.1295166,
                        1.4921875,
                        -1.5185547,
                        -0.22021484,
                        0.74365234,
                        -0.67871094,
                        -1.1416016,
                        -0.075683594,
                        -2.8183594,
                        0.8535156,
                        0.07476807,
                        0.578125,
                        0.25830078,
                        1.2080078,
                        -0.5317383,
                        -0.3984375,
                        0.53027344,
                        0.034362793,
                        0.23999023,
                        0.97802734,
                        -1.0810547,
                        -1.8046875,
                        -1.5878906,
                        0.7421875,
                        0.3720703,
                        0.28442383,
                        1.4912109,
                        -2.6777344,
                        1.7011719,
                        -1.5742188,
                        -1.0400391,
                        1.3339844,
                        0.7739258,
                        1.8173828,
                        0.6533203,
                        -1.0722656,
                        0.36914062,
                        0.23535156,
                        -3.1679688,
                        -2.4335938,
                        -1.1777344,
                        -1.9472656,
                        1.6914062,
                        0.40820312,
                        -2.3222656,
                        0.29248047,
                        1.4746094,
                        4.2265625,
                        -0.50390625,
                        0.21679688,
                        0.80029297,
                        0.09869385,
                        0.49145508,
                        -0.18981934,
                        -0.15527344,
                        0.6269531,
                        0.6401367,
                        -0.6191406,
                        -1.1396484,
                        1.0292969,
                        -0.15551758,
                        -1.0664062,
                        1.9472656,
                        -1.0136719,
                        0.21362305,
                        0.46948242,
                        0.27416992,
                        -0.64746094,
                        0.6513672,
                        0.6479492,
                        1.1230469,
                        0.15344238,
                        1.2509766,
                        0.07421875,
                        0.9941406,
                        -2.2285156,
                        0.5576172,
                        -0.036865234,
                        0.50097656,
                        0.39892578,
                        -0.95214844,
                        -0.12988281,
                        -2.1660156,
                        0.0418396,
                        -0.13085938,
                        1.4160156,
                        -0.016479492,
                        -0.29174805,
                        -0.27416992,
                        -0.4465332,
                        -1.8613281,
                        1.8984375,
                        1.1269531,
                        -0.21508789,
                        -1.8378906,
                        1.8359375,
                        -0.49609375,
                        1.2919922,
                        0.72216797,
                        -0.90478516,
                        -2.0019531,
                        -1.1210938,
                        -1.2587891,
                        1.9589844,
                        -1.7373047,
                        -0.625,
                        1.2734375,
                        -0.49853516,
                        0.075927734,
                        0.51416016,
                        1.1542969,
                        -0.56884766,
                        -1.0419922,
                        1.1005859,
                        -2.5117188,
                        0.95947266,
                        0.7080078,
                        2.4257812,
                        1.2265625,
                        -1.6904297,
                        -0.37231445,
                        -1.4433594,
                        0.57714844,
                        -0.9638672,
                        -0.40673828,
                        0.8354492,
                        1.8671875,
                        -1.9736328,
                        0.5473633,
                        1.8535156,
                        -2.1132812,
                        -0.17932129,
                        -0.7817383,
                        -0.3010254,
                        -0.5864258,
                        1.515625,
                        0.5595703,
                        0.4506836,
                        0.05670166,
                        1.6494141,
                        -0.68652344,
                        0.120788574,
                        1.6210938,
                        0.36083984,
                        2.4375,
                        -0.042175293,
                        -0.35375977,
                        -1.296875,
                        -0.1829834,
                        0.21496582,
                        -1.1425781,
                        1.03125,
                        -1.5292969,
                        -0.23278809,
                        -2.1289062,
                        1.6748047,
                        -1.1328125,
                        -1.3535156,
                        -0.98535156,
                        -0.9716797,
                        0.8588867,
                        -0.058044434,
                        -0.2685547,
                        -1.1376953,
                        -0.5419922,
                        -0.8461914,
                        -0.064941406,
                        0.8413086,
                        -0.48901367,
                        -0.051696777,
                        2.3222656,
                        1.8134766,
                        0.7680664,
                        1.7470703,
                        -2.9316406,
                        0.71191406,
                        1.9355469,
                        -0.23706055,
                        -1.0849609,
                        0.87597656,
                        -0.51123047,
                        -2.6933594,
                        -0.3359375,
                        0.7558594,
                        -0.45898438,
                        0.82714844,
                        -0.91552734,
                        -0.22705078,
                        0.37695312,
                        1.1044922,
                        -1.2441406,
                        0.5493164,
                        0.41186523,
                        -0.40966797,
                        1.6230469,
                        -0.16308594,
                        -0.14990234,
                        -0.3413086,
                        -0.6738281,
                        -0.41723633,
                        -0.109680176,
                        1.9023438,
                        -0.5439453,
                        0.30297852,
                        -2.78125,
                        -1.0966797,
                        0.50390625,
                        1.1210938,
                        -0.83496094,
                        -0.6352539,
                        -0.87646484,
                        0.5522461,
                        -4.1445312,
                        1.6630859,
                        0.54785156,
                        -1.0224609,
                        -1.1142578,
                        -0.6635742,
                        0.5385742,
                        -0.1772461,
                        1.7568359,
                        1.3515625,
                        0.41479492,
                        2.1699219,
                        4.7382812,
                        -1.1542969,
                        -1.3193359,
                        3.4589844,
                        0.578125,
                        1.203125,
                        -1.6474609,
                        -1.2763672,
                        3.078125,
                        -0.7270508,
                        -2.5390625,
                        1.7080078,
                        -0.11975098,
                        -1.2929688,
                        -1.3115234,
                        -0.27294922,
                        -0.6923828,
                        0.58496094,
                        -1.1279297,
                        -0.033447266,
                        -0.026184082,
                        0.18359375,
                        1.1103516,
                        1.0722656,
                        -0.30126953,
                        0.59033203,
                        0.09301758,
                        -0.27490234,
                        1.8369141,
                        0.8105469,
                        -0.79833984,
                        -1.0966797,
                        -1.3037109,
                        0.17199707,
                        -0.5761719,
                        0.11834717,
                        -0.31982422,
                        -0.41479492,
                        -1.5146484,
                        -1.8457031,
                        1.4560547,
                        -0.03933716,
                        0.2355957,
                        0.8491211,
                        -2.4082031,
                        -2.2480469,
                        -0.033203125,
                        -0.07116699,
                        -1.2451172,
                        0.5864258,
                        -1.4902344,
                        -1.4794922,
                        -0.022644043,
                        1.3085938,
                        2.5566406,
                        0.09033203,
                        0.31176758,
                        -2.6035156,
                        -1.9960938,
                        -0.52197266,
                        0.40673828,
                        -1.3222656,
                        -0.8823242,
                        -0.87597656,
                        0.6933594,
                        2.7675781,
                        -0.34521484,
                        -0.051635742,
                        1.9716797,
                        0.06506348,
                        2.1640625,
                        1.2617188,
                        1.2021484,
                        0.7597656,
                        3.8203125,
                        0.5859375,
                        -0.09777832,
                        1.5537109,
                        -1.0117188,
                        -1.5849609,
                        -0.49243164,
                        -1.0761719,
                        -0.73095703,
                        0.1138916,
                        -0.38305664,
                        0.56396484,
                        1.3632812,
                        1.265625,
                        0.46142578,
                        1.2089844,
                        -0.51220703,
                        0.7363281,
                        -0.83154297,
                        -1.265625,
                        1.6630859,
                        -0.68603516,
                        -0.060913086,
                        2.9804688,
                        -0.97558594,
                        -0.34179688,
                        0.024658203,
                        0.77490234,
                        -0.09844971,
                        0.6748047,
                        0.6381836,
                        1.8125,
                        -0.6982422,
                        1.5878906,
                        0.25341797,
                        1.046875,
                        0.63134766,
                        -0.06201172,
                        1.0419922,
                        -0.052520752,
                        -2.1679688,
                        -0.43603516,
                        -1.1953125,
                        1.1914062,
                        -0.7324219,
                        0.046020508,
                        -1.9824219,
                        -2.4003906,
                        2.3105469,
                        -0.3359375,
                        0.37109375,
                        -0.005065918,
                        -2.7480469,
                        -1.2597656,
                        -0.5600586,
                        0.6875,
                        1.2783203,
                        2.359375,
                        -0.06604004,
                        -2.6875,
                        -0.66748047,
                        -1.0693359,
                        -1.6630859,
                        0.010375977,
                        0.25634766,
                        -2.2851562,
                        -0.8779297,
                        -0.41235352,
                        -0.5214844,
                        -0.46118164,
                        0.609375,
                        1.3935547,
                        2.7617188,
                        0.6347656,
                        -0.21679688,
                        -0.5209961,
                        0.11633301,
                        1.7333984,
                        -0.034240723,
                        -1.4316406,
                        -2.5585938,
                        1.4980469,
                        1.3857422,
                        0.7089844,
                        -0.24121094,
                        1.6367188,
                        -0.2685547,
                        -1.6796875,
                        -1.2861328,
                        -1.5214844,
                        -0.41674805,
                        0.8198242,
                        0.54248047,
                        0.48950195,
                        0.9189453,
                        -0.7807617,
                        -0.43701172,
                        -2.7421875,
                        0.31640625,
                        -0.5551758,
                        0.16662598,
                        -2.4277344,
                        -1.3974609,
                        1.2431641,
                        0.45507812,
                        0.43945312,
                        0.8720703,
                        0.8071289,
                        -0.81347656,
                        -1.0419922,
                        0.8803711,
                        -0.97558594,
                        0.27246094,
                        1.6435547,
                        0.9448242,
                        1.2255859,
                        1.9736328,
                        1.9423828,
                        0.11767578,
                        -0.47875977,
                        0.7050781,
                        1.1738281,
                        -0.76171875,
                        0.6904297,
                        -1.8154297,
                        0.6640625,
                        -0.37451172,
                        -0.16125488,
                        0.0725708,
                        1.4521484,
                        0.5810547,
                        1.5576172,
                        0.16503906,
                        -0.7685547,
                        0.6401367,
                        0.1529541,
                        -0.2631836,
                        0.44677734,
                        0.86865234,
                        -2.5859375,
                        0.15185547,
                        0.75390625,
                        -1.359375,
                        1.3710938,
                        1.2285156,
                        -0.73046875,
                        -0.3125,
                        2.0351562,
                        0.036132812,
                        1.2578125,
                        0.8310547,
                        1.2558594,
                        0.49169922,
                        2.328125,
                        0.052734375,
                        0.4921875,
                        4.5703125,
                        -0.08325195,
                        0.4296875,
                        0.22509766,
                        -0.8496094,
                        -1.2421875,
                        -0.46728516,
                        0.08660889,
                        -0.10559082,
                        0.77734375,
                        1.4628906,
                        1.6679688,
                        0.27661133,
                        1.8037109,
                        1.3642578,
                        -1.6542969,
                        -1.1728516,
                        0.18981934,
                        -0.8120117,
                        0.26538086,
                        -1.2109375,
                        -0.3540039,
                        2.4140625,
                        -0.4284668,
                        -2.9316406,
                        -1.4560547,
                        -0.9033203,
                        -2.5800781,
                        -0.18054199,
                        0.4050293,
                        0.7529297,
                        0.9477539,
                        -0.022827148,
                        -1.7529297,
                        2.8300781,
                        -0.8588867,
                        -0.09436035,
                        -1.5205078,
                        -0.61376953,
                        -1.2597656,
                        -2.6972656,
                        -0.3310547,
                        -0.63964844,
                        -1.5449219,
                        -0.83984375,
                        1.3544922,
                        0.14672852,
                        -0.5986328,
                        -2.6660156,
                        0.9946289,
                        0.8222656,
                        1.8730469,
                        -0.34033203,
                        -0.33666992,
                        -0.12463379,
                        1.8525391,
                        -1.4453125,
                        0.9428711,
                        0.84033203,
                        -1.2880859,
                        -0.6748047,
                        0.8745117,
                        -0.7470703,
                        0.5463867,
                        0.9248047,
                        2.1464844,
                        -1.4482422,
                        0.10180664,
                        0.19140625,
                        0.9785156,
                        0.55859375,
                        -1.1416016,
                        3.3671875,
                        0.96191406,
                        -1.3554688,
                        -0.80322266,
                        -0.82128906,
                        1.0566406,
                        0.5517578,
                        1.3173828,
                        0.59375,
                        0.44360352,
                        0.5888672,
                        -0.37158203,
                        -1.7568359,
                        0.9682617,
                        0.78222656,
                        1.4472656,
                        -0.6669922,
                        -0.2927246,
                        0.44482422,
                        -0.9824219,
                        -0.5703125,
                        -1.953125,
                        0.028320312,
                        0.9946289,
                        0.8535156,
                        -1.1318359,
                        0.8798828,
                        -0.94091797,
                        -1.8046875,
                        0.67285156,
                        0.3408203,
                        -0.61572266,
                        1.7148438,
                        -0.35180664,
                        0.25756836,
                        -2.4160156,
                        -1.6025391,
                        1.0820312,
                        0.0234375,
                        0.09790039,
                        0.09729004,
                        -0.57128906,
                        -0.81640625,
                        1.6601562,
                        -0.11187744,
                        -0.025238037,
                        0.63964844,
                        -0.43554688,
                        -0.15649414,
                        -1.2802734,
                        -1.0390625,
                        -0.7939453,
                        0.51708984,
                        -1.7832031,
                        -0.23657227,
                        -1.9726562,
                        0.05328369,
                        -1.7480469,
                        1.4277344,
                        0.13183594,
                        2.6386719,
                        -0.46264648,
                        -2.3222656,
                        0.7338867,
                        1.4589844,
                        -1.2949219,
                        0.38012695,
                        -1.7714844,
                        0.8984375,
                        -0.7949219,
                        0.6748047,
                        -1.5576172,
                        1.6230469,
                        2.9023438,
                        -0.5205078,
                        2.2949219,
                        -0.71533203,
                        -0.3869629,
                        0.24084473,
                        -0.015258789,
                        1.2597656,
                        -0.6381836,
                        0.9916992,
                        -0.22241211,
                        1.1738281,
                        1.3632812,
                        -1.6259766,
                        -1.6318359,
                        -1.2109375
                    ]
                }
            }
        ]
    }
}