{
    "backends": {
        "GenerativeAI": {
            "description": "GenerativeAI",
            "servers": [
                {
                    "url": "https://generativeai.aiservice.us-chicago-1.oci.oraclecloud.com",
                    "description": "Default Server",
                    "x-vb": {
                        "authentication": {
                            "authenticated": {
                                "type": "http_signature_oci",
                                "credentials": "vb_bfbea102-fbe3-43b0-8ee1-a53532199e21"
                            }
                        }
                    }
                }
            ]
        },
        "APIGateway": {
            "servers": [
                {
                    "url": "https://gq227bdg6iljwxbzoic3t24b5y.apigateway.eu-frankfurt-1.oci.customer-oci.com",
                    "description": "Default Server"
                }
            ]
        }
      }
}